,nonOld,old
boy,0.3867102396514161,0.3867102396514161
elder,0.39211391018619934,0.39211391018619934
girl,0.3918032786885246,0.3918032786885246
kid,0.39662676822633297,0.39662676822633297
man,0.3828039430449069,0.3828039430449069
woman,0.40647284695556773,0.40647284695556773
