,nonOld,old
boy,0.002178649237472767,-0.002178649237472767
elder,0.0032858707557502738,-0.0032858707557502738
girl,0.004918032786885246,-0.004918032786885246
kid,0.000544069640914037,-0.000544069640914037
man,-0.008214676889375685,0.008214676889375685
woman,-0.004936917169500823,0.004936917169500823
