,nonOld,old
boy,0.0375,-0.017934782608695653
elder,-0.009782608695652175,0.05923913043478261
girl,0.019021739130434784,0.005978260869565218
kid,0.0391304347826087,-0.017934782608695653
man,0.02391304347826087,0.00923913043478261
woman,0.005434782608695652,0.02826086956521739
