,TB,TB_std,BAmt,BAmt_std,PB,PB_std,BS_a,Acc_a,TB,TB_std,BAmt,BAmt_std,PB,PB_std,BS_a,Acc_a,TB,TB_std,BAmt,BAmt_std,PB,PB_std,BS_a,Acc_a,TB,TB_std,BAmt,BAmt_std,PB,PB_std,BS_a,Acc_a,TB,TB_std,BAmt,BAmt_std,PB,PB_std,BS_a,Acc_a
meta-llama/Llama-2-7b-chat-hf,0.0463043478260868,0.0157941926586682,1.3209782608695655,0.0069096587283967,0.0531974637681158,0.0135872463737198,0.0224385092183415,0.1193478260869564,,,,,,,,,,,,,,,,,,,,,,,,,,,,,,,,
meta-llama/Llama-2-13b-chat-hf,,,,,,,,,0.0266847826086955,0.0016430670062859,1.2829891304347825,0.0081096718144212,0.0563586956521738,0.0043716887430223,0.0909446803768962,0.1446739130434782,,,,,,,,,,,,,,,,,,,,,,,,
meta-llama/Llama-2-70b-chat-hf,,,,,,,,,,,,,,,,,0.0328804347826086,0.0170179003389686,1.2767934782608694,0.0070581067897543,0.051730072463768,0.0082611178611299,0.0288019367425164,0.1488043478260869,,,,,,,,,,,,,,,,
gpt-3.5-turbo-0613,,,,,,,,,,,,,,,,,,,,,,,,,0.1521195652173911,0.0228470400725261,0.7971195652173912,0.0049021618625129,0.1114855072463767,0.0109839094379297,0.0205575536807744,0.4685869565217391,,,,,,,,
gpt-4-1106-preview,,,,,,,,,,,,,,,,,,,,,,,,,,,,,,,,,0.0456521739130434,0.0,0.1157608695652173,0.0,0.016893115942029,0.0,0.0010195290063182,0.9402173913043478
