,bisexual,gay,lesbian,pansexual,straight
Baseline,0.48085106382978726,0.4383333333333333,0.4655555555555555,0.47857142857142854,0.4637931034482758
