,nonOld,old
Baseline,1.2742391304347824,1.2917391304347825
