,nonOld,old
Baseline,0.03184782608695648,0.04749999999999996
