,nonOld,old
Baseline,0.33554347826086955,0.3603260869565217
