,nonOld,old
Baseline,0.022282608695652142,0.031086956521739085
