,bisexual,gay,lesbian,pansexual,straight
Baseline,-0.03191489361702124,0.023333333333333338,0.00999999999999998,0.008571428571428522,-0.00172413793103448
