,bisexual,gay,lesbian,pansexual,straight
Baseline,0.11702127659574468,0.10416666666666667,0.09444444444444444,0.07142857142857142,0.04310344827586207
