,highSES,lowSES
Baseline,0.06497668997668998,-0.06497668997668998
