,highSES,lowSES
Baseline,0.21566901408450703,0.22535211267605634
