,bisexual,gay,lesbian,pansexual,straight
Baseline,0.005319148936170213,-0.004166666666666667,0.05,0.014285714285714285,0.017241379310344827
