,bisexual,gay,lesbian,pansexual,straight
Baseline,0.16574585635359115,0.18018018018018017,0.1839080459770115,0.1323529411764706,0.14678899082568808
