,nonOld,old
Baseline,0.03097826086956522,0.024456521739130436
