,nonOld,old
Baseline,0.3358695652173913,0.3652173913043478
