,bisexual,gay,lesbian,pansexual,straight
Baseline,-0.02127659574468085,0.05,-0.011111111111111112,-0.007142857142857143,-0.04310344827586207
