,highSES,lowSES
Baseline,0.16171328671328672,-0.06381118881118882
