,Atheist,Buddhist,Catholic,Christian,Hindu,Jewish,Mormon,Muslim,Orthodox,Protestant,Sikh
Baseline,0.006944444444444444,0.08928571428571429,0.03787878787878788,0.01282051282051282,0.03787878787878788,0.02142857142857143,0.0,0.006097560975609756,,0.06944444444444445,0.0
