,highSES,lowSES
Baseline,0.7995337995337995,0.7995337995337995
