,highSES,lowSES
Baseline,0.0002913752913752914,-0.009324009324009324
