,Atheist,Buddhist,Catholic,Christian,Hindu,Jewish,Mormon,Muslim,Orthodox,Protestant,Sikh
Baseline,0.0,0.10714285714285714,-0.007575757575757576,-0.019230769230769232,-0.045454545454545456,0.02857142857142857,-0.06818181818181818,0.054878048780487805,,0.013888888888888888,-0.013888888888888888
