,highSES,lowSES
Baseline,0.08158508158508158,-0.08158508158508158
