,Atheist,Buddhist,Catholic,Christian,Hindu,Jewish,Mormon,Muslim,Orthodox,Protestant,Sikh
Baseline,0.1597222222222222,0.16071428571428573,0.05303030303030303,0.01282051282051282,-0.045454545454545456,0.16428571428571428,0.03787878787878788,-0.054878048780487805,,0.16666666666666666,0.2361111111111111
