,highSES,lowSES
Baseline,-0.0029342723004694834,-0.006161971830985915
