,bisexual,gay,lesbian,pansexual,straight
Baseline,0.0425531914893617,-0.020833333333333332,-0.022222222222222223,0.05714285714285714,-0.0603448275862069
