,Atheist,Buddhist,Catholic,Christian,Hindu,Jewish,Mormon,Muslim,Orthodox,Protestant,Sikh
Baseline,0.2857142857142857,0.2962962962962963,0.25203252032520324,0.136986301369863,0.3,0.26717557251908397,0.22950819672131148,0.21768707482993196,,0.2571428571428571,0.208955223880597
