,Atheist,Buddhist,Catholic,Christian,Hindu,Jewish,Mormon,Muslim,Orthodox,Protestant,Sikh
Baseline,0.4236111111111111,0.5535714285714286,0.5227272727272727,0.48717948717948717,0.5,0.2857142857142857,0.48484848484848486,0.2682926829268293,,0.4027777777777778,0.3333333333333333
