,highSES,lowSES
Baseline,0.08653846153846154,0.011363636363636364
