,nonOld,old
Baseline,0.02010869565217391,0.05597826086956522
