,Atheist,Buddhist,Catholic,Christian,Hindu,Jewish,Mormon,Muslim,Orthodox,Protestant,Sikh
Baseline,0.1736111111111111,0.25,0.25,0.19230769230769232,0.2878787878787879,0.16428571428571428,0.26515151515151514,0.12804878048780488,,0.18055555555555555,0.19444444444444445
