,highSES,lowSES
Baseline,0.13374125874125875,0.13374125874125875
