,nonOld,old
Baseline,0.03858695652173913,0.03695652173913044
