,highSES,lowSES
Baseline,0.06614219114219114,0.07284382284382285
