,nonOld,old
Baseline,0.028804347826086957,0.026630434782608695
