,highSES,lowSES
Baseline,0.08886946386946387,0.007284382284382284
