,nonOld,old
Baseline,0.04076086956521739,0.04184782608695652
