,nonOld,old
Baseline,0.8581521739130434,0.8581521739130434
