,nonOld,old
Baseline,0.10815217391304348,0.12771739130434784
