,highSES,lowSES
Baseline,0.003205128205128205,-0.003205128205128205
