,Atheist,Buddhist,Catholic,Christian,Hindu,Jewish,Mormon,Muslim,Orthodox,Protestant,Sikh
Baseline,0.027777777777777776,0.08928571428571429,0.06060606060606061,0.00641025641025641,0.030303030303030304,0.05714285714285714,0.0,0.006097560975609756,,0.05555555555555555,-0.041666666666666664
