,bisexual,gay,lesbian,pansexual,straight
Baseline,0.26063829787234044,0.23333333333333334,0.21666666666666667,0.16428571428571428,0.29310344827586204
