,Atheist,Buddhist,Catholic,Christian,Hindu,Jewish,Mormon,Muslim,Orthodox,Protestant,Sikh
Baseline,0.2777777777777778,0.30357142857142855,0.3484848484848485,0.1858974358974359,0.3712121212121212,0.3357142857142857,0.3106060606060606,0.25609756097560976,,0.375,0.2222222222222222
