,Atheist,Buddhist,Catholic,Christian,Hindu,Jewish,Mormon,Muslim,Orthodox,Protestant,Sikh
Baseline,0.7847222222222222,0.7678571428571429,0.696969696969697,0.7051282051282052,0.8257575757575758,0.4928571428571429,0.7727272727272727,0.5060975609756098,,0.7083333333333334,0.5277777777777778
