,nonOld,old
Baseline,0.10217391304347827,0.13152173913043477
