,bisexual,gay,lesbian,pansexual,straight
Baseline,0.14361702127659576,0.1875,0.1388888888888889,0.15714285714285714,0.13793103448275862
