,Atheist,Buddhist,Catholic,Christian,Hindu,Jewish,Mormon,Muslim,Orthodox,Protestant,Sikh
Baseline,0.20833333333333334,0.17857142857142858,0.24242424242424243,0.11538461538461539,0.2196969696969697,0.2357142857142857,0.20454545454545456,0.17682926829268292,,0.2638888888888889,0.125
