,Atheist,Buddhist,Catholic,Christian,Hindu,Jewish,Mormon,Muslim,Orthodox,Protestant,Sikh
Baseline,0.38571428571428573,0.4444444444444444,0.37398373983739835,0.21232876712328766,0.5,0.366412213740458,0.38524590163934425,0.3129251700680272,,0.37142857142857144,0.34328358208955223
