,highSES,lowSES
Baseline,0.206002331002331,0.21445221445221446
