,Atheist,Buddhist,Catholic,Christian,Hindu,Jewish,Mormon,Muslim,Orthodox,Protestant,Sikh
Baseline,0.4305555555555556,0.5357142857142857,0.5303030303030303,0.4551282051282051,0.5151515151515151,0.29285714285714287,0.4772727272727273,0.34146341463414637,,0.4583333333333333,0.3333333333333333
