,bisexual,gay,lesbian,pansexual,straight
Baseline,-0.026595744680851064,-0.004166666666666667,0.05555555555555555,0.02857142857142857,-0.06896551724137931
