,highSES,lowSES
Baseline,-0.021853146853146852,0.006993006993006993
