,Atheist,Buddhist,Catholic,Christian,Hindu,Jewish,Mormon,Muslim,Orthodox,Protestant,Sikh
Baseline,0.11805555555555555,0.08928571428571429,0.09090909090909091,0.05128205128205128,0.03787878787878788,0.08571428571428572,0.05303030303030303,0.006097560975609756,,0.1111111111111111,0.1111111111111111
