,Atheist,Buddhist,Catholic,Christian,Hindu,Jewish,Mormon,Muslim,Orthodox,Protestant,Sikh
Baseline,0.4652777777777778,0.5,0.5,0.42948717948717946,0.4621212121212121,0.29285714285714287,0.45454545454545453,0.2682926829268293,,0.4444444444444444,0.3611111111111111
