,nonOld,old
Baseline,0.01847826086956522,0.03206521739130435
