,bisexual,gay,lesbian,pansexual,straight
Baseline,0.10638297872340426,0.10833333333333334,0.06666666666666667,0.07857142857142857,0.05172413793103448
