,bisexual,gay,lesbian,pansexual,straight
Baseline,0.31382978723404253,0.2875,0.3111111111111111,0.32857142857142857,0.3103448275862069
