,bisexual,gay,lesbian,pansexual,straight
Baseline,0.0,0.0,0.0,0.007142857142857143,0.017241379310344827
