,highSES,lowSES
Baseline,0.20454545454545456,0.21503496503496503
