,bisexual,gay,lesbian,pansexual,straight
Baseline,-0.047872340425531915,0.03333333333333333,0.005555555555555556,0.02857142857142857,0.0
