Persona,BS_a,BS_d,Diff_Bias_d,Diff_Bias_a,Acc_a,Acc_d
Baseline,-0.002105168458458942,-0.0034816247582205584,-0.14186046511627903,0.006976744186046491,0.3953488372093023,0.6075581395348837
