,bisexual,gay,lesbian,pansexual,straight
Baseline,-0.016574585635359115,0.009009009009009009,0.005747126436781609,0.029411764705882353,0.0
