,Atheist,Buddhist,Catholic,Christian,Hindu,Jewish,Mormon,Muslim,Orthodox,Protestant,Sikh
Baseline,-0.013888888888888888,0.21428571428571427,0.03787878787878788,0.03205128205128205,-0.007575757575757576,0.02142857142857143,-0.030303030303030304,0.018292682926829267,,0.09722222222222222,-0.013888888888888888
