,nonOld,old
Baseline,0.10108695652173913,0.1233695652173913
