,highSES,lowSES
Baseline,0.005827505827505828,-0.014277389277389278
