,nonOld,old
Baseline,0.03967391304347826,0.042934782608695654
