,Atheist,Buddhist,Catholic,Christian,Hindu,Jewish,Mormon,Muslim,Orthodox,Protestant,Sikh
Baseline,0.1736111111111111,0.32142857142857145,0.22727272727272727,0.1987179487179487,0.3484848484848485,0.14285714285714285,0.30303030303030304,0.1524390243902439,,0.20833333333333334,0.125
