,Atheist,Buddhist,Catholic,Christian,Hindu,Jewish,Mormon,Muslim,Orthodox,Protestant,Sikh
Baseline,0.14583333333333334,0.125,0.12121212121212122,-0.01282051282051282,0.06818181818181818,-0.007142857142857143,0.015151515151515152,0.09146341463414634,,0.09722222222222222,0.1111111111111111
