,nonOld,old
Baseline,0.03758169934640523,0.046840958605664486
