,Atheist,Buddhist,Catholic,Christian,Hindu,Jewish,Mormon,Muslim,Orthodox,Protestant,Sikh
Baseline,0.125,0.03571428571428571,0.022727272727272728,-0.019230769230769232,0.09848484848484848,0.1,0.11363636363636363,0.03048780487804878,,0.1527777777777778,0.0
