,highSES,lowSES
Baseline,0.1448135198135198,-0.05011655011655012
