,highSES,lowSES
Baseline,0.145979020979021,0.145979020979021
