,nonOld,old
Baseline,0.02832244008714597,0.056100217864923745
