,bisexual,gay,lesbian,pansexual,straight
Baseline,0.005319148936170213,0.008333333333333333,0.016666666666666666,0.007142857142857143,-0.0603448275862069
