,nonOld,old
Baseline,0.10620915032679738,0.1328976034858388
