,Atheist,Buddhist,Catholic,Christian,Hindu,Jewish,Mormon,Muslim,Orthodox,Protestant,Sikh
Baseline,0.6041666666666666,0.8571428571428571,0.7575757575757576,0.6538461538461539,0.8636363636363636,0.4357142857142857,0.7803030303030303,0.49390243902439024,,0.6666666666666666,0.4583333333333333
