,nonOld,old
Baseline,0.0005434782608695652,-0.0005434782608695652
