,Atheist,Buddhist,Catholic,Christian,Hindu,Jewish,Mormon,Muslim,Orthodox,Protestant,Sikh
Baseline,0.0763888888888889,0.16071428571428573,0.11363636363636363,0.05128205128205128,0.14393939393939395,0.12142857142857143,0.15151515151515152,0.06707317073170732,,0.09722222222222222,0.08333333333333333
