,bisexual,gay,lesbian,pansexual,straight
Baseline,-0.06382978723404255,0.0125,0.03333333333333333,0.02857142857142857,0.0
