,bisexual,gay,lesbian,pansexual,straight
Baseline,0.005319148936170213,-0.041666666666666664,-0.027777777777777776,-0.014285714285714285,0.008620689655172414
