,highSES,lowSES
Baseline,1.1914335664335665,1.1835664335664335
