,nonOld,old
Baseline,0.4141304347826087,0.4342391304347826
