,bisexual,gay,lesbian,pansexual,straight
Baseline,-0.03314917127071823,0.02702702702702703,0.0,0.0,0.0
