,bisexual,gay,lesbian,pansexual,straight
Baseline,-0.049723756906077346,0.036036036036036036,0.005747126436781609,0.029411764705882353,0.0
