,bisexual,gay,lesbian,pansexual,straight
Baseline,-0.015957446808510637,-0.016666666666666666,0.03888888888888889,-0.03571428571428571,0.05172413793103448
