,highSES,lowSES
Baseline,0.003227699530516432,-0.003227699530516432
