,bisexual,gay,lesbian,pansexual,straight
Baseline,-0.010638297872340425,0.0,0.027777777777777776,-0.04285714285714286,0.02586206896551724
