,Atheist,Buddhist,Catholic,Christian,Hindu,Jewish,Mormon,Muslim,Orthodox,Protestant,Sikh
Baseline,-0.041666666666666664,0.14285714285714285,0.03787878787878788,0.01282051282051282,-0.045454545454545456,0.03571428571428571,-0.10606060606060606,0.0,,0.1111111111111111,-0.027777777777777776
