,highSES,lowSES
Baseline,-0.012237762237762238,-0.0026223776223776225
