,Atheist,Buddhist,Catholic,Christian,Hindu,Jewish,Mormon,Muslim,Orthodox,Protestant,Sikh
Baseline,0.1736111111111111,0.3392857142857143,0.25757575757575757,0.21794871794871795,0.32575757575757575,0.2,0.2803030303030303,0.11585365853658537,,0.19444444444444445,0.19444444444444445
