,nonOld,old
Baseline,0.22445652173913044,0.22445652173913044
