,highSES,lowSES
Baseline,0.1547202797202797,-0.05856643356643357
