,nonOld,old
Baseline,0.03206521739130435,0.044021739130434785
