,highSES,lowSES
Baseline,0.791958041958042,0.791958041958042
