,Atheist,Buddhist,Catholic,Christian,Hindu,Jewish,Mormon,Muslim,Orthodox,Protestant,Sikh
Baseline,-0.013888888888888888,0.19642857142857142,0.07575757575757576,0.019230769230769232,0.007575757575757576,0.10714285714285714,-0.03787878787878788,-0.012195121951219513,,0.09722222222222222,-0.08333333333333333
