,highSES,lowSES
Baseline,-0.0017482517482517483,-0.004662004662004662
