,highSES,lowSES
Baseline,1.1893939393939394,1.1777389277389276
