,Atheist,Buddhist,Catholic,Christian,Hindu,Jewish,Mormon,Muslim,Orthodox,Protestant,Sikh
Baseline,0.3680555555555556,0.32142857142857145,0.3939393939393939,0.1987179487179487,0.44696969696969696,0.4142857142857143,0.36363636363636365,0.31097560975609756,,0.3194444444444444,0.20833333333333334
