,nonOld,old
Baseline,0.03260869565217391,0.04565217391304348
