,nonOld,old
Baseline,-0.01358695652173913,0.01358695652173913
