,highSES,lowSES
Baseline,0.13986013986013987,0.13986013986013987
