,Atheist,Buddhist,Catholic,Christian,Hindu,Jewish,Mormon,Muslim,Orthodox,Protestant,Sikh
Baseline,-0.04285714285714286,0.2222222222222222,0.08130081300813008,0.02054794520547945,-0.03333333333333333,0.061068702290076333,-0.1721311475409836,0.013605442176870748,,0.17142857142857143,-0.04477611940298507
