,highSES,lowSES
Baseline,-0.007284382284382284,-0.002913752913752914
