,Atheist,Buddhist,Catholic,Christian,Hindu,Jewish,Mormon,Muslim,Orthodox,Protestant,Sikh
Baseline,0.034722222222222224,-0.017857142857142856,-0.022727272727272728,-0.038461538461538464,-0.030303030303030304,0.014285714285714285,0.10606060606060606,-0.024390243902439025,,-0.041666666666666664,0.0
