,Atheist,Buddhist,Catholic,Christian,Hindu,Jewish,Mormon,Muslim,Orthodox,Protestant,Sikh
Baseline,0.2777777777777778,0.42857142857142855,0.3409090909090909,0.17307692307692307,0.38636363636363635,0.36428571428571427,0.3939393939393939,0.23780487804878048,,0.3194444444444444,0.2361111111111111
