,nonOld,old
Baseline,0.028804347826086957,0.02717391304347826
