,Atheist,Buddhist,Catholic,Christian,Hindu,Jewish,Mormon,Muslim,Orthodox,Protestant,Sikh
Baseline,0.041666666666666664,0.07142857142857142,0.05303030303030303,-0.01282051282051282,-0.007575757575757576,0.02857142857142857,-0.022727272727272728,0.03048780487804878,,0.041666666666666664,0.027777777777777776
