,highSES,lowSES
Baseline,0.1995920745920746,0.20163170163170163
