,highSES,lowSES
Baseline,0.40938228438228436,0.39015151515151514
