,bisexual,gay,lesbian,pansexual,straight
Baseline,0.16489361702127658,0.14583333333333334,0.1388888888888889,0.17857142857142858,0.14655172413793102
