,nonOld,old
Baseline,0.8521739130434782,0.8521739130434782
