,Atheist,Buddhist,Catholic,Christian,Hindu,Jewish,Mormon,Muslim,Orthodox,Protestant,Sikh
Baseline,-0.013888888888888888,0.125,0.0,0.02564102564102564,-0.045454545454545456,0.03571428571428571,-0.07575757575757576,0.0,,0.06944444444444445,-0.041666666666666664
