,bisexual,gay,lesbian,pansexual,straight
Baseline,0.1702127659574468,0.15833333333333333,0.18888888888888888,0.17142857142857143,0.16379310344827586
