,nonOld,old
Baseline,0.42228260869565215,0.4298913043478261
