,Atheist,Buddhist,Catholic,Christian,Hindu,Jewish,Mormon,Muslim,Orthodox,Protestant,Sikh
Baseline,0.6388888888888888,0.75,0.75,0.6217948717948718,0.75,0.45714285714285713,0.7196969696969697,0.39634146341463417,,0.625,0.5555555555555556
