,nonOld,old
Baseline,-0.0010869565217391304,0.0010869565217391304
