,bisexual,gay,lesbian,pansexual,straight
Baseline,0.010638297872340425,0.0125,-0.016666666666666666,0.014285714285714285,-0.008620689655172414
