,bisexual,gay,lesbian,pansexual,straight
Baseline,0.0718232044198895,0.0990990990990991,0.10919540229885058,0.07352941176470588,0.03669724770642202
