,bisexual,gay,lesbian,pansexual,straight
Baseline,0.22340425531914893,0.25416666666666665,0.3111111111111111,0.22857142857142856,0.1896551724137931
