,highSES,lowSES
Baseline,0.00029342723004694836,-0.009389671361502348
