,nonOld,old
Baseline,0.32771739130434785,0.35380434782608694
