,bisexual,gay,lesbian,pansexual,straight
Baseline,0.2978723404255319,0.24583333333333332,0.28888888888888886,0.2714285714285714,0.28448275862068967
