,bisexual,gay,lesbian,pansexual,straight
Baseline,0.2978723404255319,0.30833333333333335,0.2111111111111111,0.22857142857142856,0.21551724137931033
