,highSES,lowSES
Baseline,0.789044289044289,0.789044289044289
