,bisexual,gay,lesbian,pansexual,straight
Baseline,-0.02127659574468085,0.025,0.0,0.014285714285714285,-0.008620689655172414
