,highSES,lowSES
Baseline,0.40413752913752915,0.39073426573426573
