,nonOld,old
Baseline,0.8538043478260869,0.8538043478260869
