,highSES,lowSES
Baseline,0.0641025641025641,-0.0641025641025641
