,Atheist,Buddhist,Catholic,Christian,Hindu,Jewish,Mormon,Muslim,Orthodox,Protestant,Sikh
Baseline,0.11805555555555555,0.125,0.12121212121212122,0.07051282051282051,0.17424242424242425,0.15,0.13636363636363635,0.07926829268292683,,0.08333333333333333,0.05555555555555555
