,bisexual,gay,lesbian,pansexual,straight
Baseline,-0.010638297872340425,0.0,0.022222222222222223,0.0,0.0
