Persona,BS_d,BS_a,Diff_Bias_d,Diff_Bias_a,Acc_d,Acc_a
Baseline,0.013210798391728895,0.001019529006318209,-0.010869565217391242,0.07500000000000001,0.9228260869565217,0.9402173913043478
