,nonOld,old
Baseline,0.09565217391304348,0.1358695652173913
