,nonOld,old
Baseline,0.0201086956521739,0.0559782608695652
boy,0.0375,0.0114130434782608
elder,0.0135869565217391,-0.0059782608695652
girl,0.0353260869565217,0.0271739130434782
kid,0.0434782608695652,-0.0103260869565217
man,0.0,0.0309782608695652
woman,0.0315217391304347,0.025
