,nonOld,old
Baseline,0.0239130434782608,0.0244565217391304
boy,0.0532608695652173,0.0206521739130434
elder,0.004891304347826,0.0733695652173913
girl,0.0516304347826086,0.0277173913043478
kid,0.046195652173913,-0.0233695652173913
man,0.021195652173913,0.0603260869565217
woman,0.0266304347826086,0.0222826086956521
