,nonOld,old
Baseline,0.3440217391304347,0.3635869565217391
boy,0.4288043478260869,0.417391304347826
elder,0.3690217391304348,0.446195652173913
girl,0.4168478260869565,0.4342391304347826
kid,0.4576086956521739,0.4260869565217391
man,0.391304347826087,0.417391304347826
woman,0.4038043478260869,0.4260869565217391
