,nonOld,old
boy,0.04673913043478261,-0.04673913043478261
elder,-0.12010869565217391,0.12010869565217391
girl,0.06902173913043479,-0.06902173913043479
kid,0.09456521739130434,-0.09456521739130434
man,-0.01358695652173913,0.01358695652173913
woman,-0.02391304347826087,0.02391304347826087
