,nonOld,old
boy,0.044021739130434785,-0.04565217391304348
elder,-0.041304347826086954,0.0891304347826087
girl,0.11902173913043479,-0.09782608695652174
kid,0.15,-0.13695652173913042
man,0.05652173913043478,-0.04456521739130435
woman,0.07771739130434782,-0.05434782608695652
