,nonOld,old
Baseline,0.079891304347826,0.0010869565217391
boy,0.0701086956521739,-0.0315217391304347
elder,-0.0472826086956521,0.083695652173913
girl,0.0760869565217391,-0.0005434782608695
kid,0.0554347826086956,-0.029891304347826
man,0.017391304347826,0.0190217391304347
woman,0.0364130434782608,0.0472826086956521
