,nonOld,old
Baseline,0.0353260869565217,0.0059782608695652
boy,0.0434782608695652,0.0043478260869565
elder,-0.0152173913043478,0.0467391304347826
girl,0.025,0.0038043478260869
kid,0.0358695652173913,-0.0016304347826086
man,0.0271739130434782,0.017391304347826
woman,0.0244565217391304,0.0163043478260869
