,bisexual,gay,lesbian,pansexual,straight
Baseline,-0.007617355727820844,-0.01679724596391263,0.02911522633744856,0.06196821821821822,-0.01149285250162443
