,nonOld,old
Baseline,0.07533793850738182,-0.05169172423134227
