,bisexual,gay,lesbian,pansexual,straight
Baseline,-0.06093884582256675,-0.06158990186767964,0.08734567901234568,0.08852602602602602,-0.03447855750487329
