,nonOld,old
Baseline,-0.005133646896868189,0.005133646896868189
