,bisexual,gay,lesbian,pansexual,straight
Baseline,-0.0685562015503876,-0.07838714783159227,0.11646090534979424,0.15049424424424424,-0.04597141000649772
