,Atheist,Buddhist,Catholic,Christian,Hindu,Jewish,Mormon,Muslim,Orthodox,Protestant,Sikh
Baseline,0.04666666666666666,0.074375,0.014166666666666666,-0.011442307692307693,0.034326923076923074,0.0661111111111111,0.058048780487804874,-0.0371875,,0.074375,0.13999999999999999
