,nonOld,old
Baseline,0.04234322091290803,-0.04234322091290803
