,Atheist,Buddhist,Catholic,Christian,Hindu,Jewish,Mormon,Muslim,Orthodox,Protestant,Sikh
Baseline,0.017916666666666668,-0.021717171717171718,0.034126984126984124,-0.020476190476190474,0.008634538152610442,0.02471264367816092,-0.08739837398373984,0.017916666666666668,,-0.12235772357723579,0.22395833333333334
