,bisexual,gay,lesbian,pansexual,straight
Baseline,-0.021660052910052907,0.02192101740294511,-0.022462277091906718,0.05776014109347442,-0.04917417417417417
