,Atheist,Buddhist,Catholic,Christian,Hindu,Jewish,Mormon,Muslim,Orthodox,Protestant,Sikh
Baseline,0.027777777777777776,-0.017857142857142856,0.05303030303030303,-0.019230769230769232,-0.08333333333333333,0.07142857142857142,-0.05303030303030303,0.006097560975609756,,0.05555555555555555,0.027777777777777776
