,nonOld,old
Baseline,0.02717391304347826,0.007608695652173913
