,highSES,lowSES
Baseline,0.013986013986013986,-0.0236013986013986
