,highSES,lowSES
Baseline,0.02301864801864802,-0.030303030303030304
