,TB,TB_std,BAmt,BAmt_std,PB,PB_std,BS_a,BS_a_std,Acc_a,Acc_a_std
meta-llama/Llama-2-7b-chat-hf,0.0644804639021792,0.0068297013562461,0.7807166259797896,0.0080271550836792,0.0743782966551726,0.0035054387085477,0.0136982041963939,0.000784449200748,0.3123062015503876,0.005075891803763
meta-llama/Llama-2-13b-chat-hf,0.0595869354662644,0.0040413685567932,0.6004584152335978,0.0045063886047358,0.0754929231825594,0.002071823401829,0.0006038696784987,0.0043330333390481,0.3937015503875969,0.0014306999089373
meta-llama/Llama-2-70b-chat-hf,0.0612676304674409,0.0095436124350405,0.6570181620530424,0.0161327486131658,0.0712653321536822,0.0060963992481176,0.0063501050483009,0.013204399085296,0.3528100775193798,0.004147467937797
gpt-3.5-turbo-0613,0.060381256370913,0.0071632926798069,0.4086292214771603,0.0093202328869301,0.0799720082189031,0.0122278209957837,0.0086750768309841,0.0021428639883242,0.6420348837209302,0.0054867212732111
gpt-4-1106-preview,0.0001930559268169,0.0,0.0001930559268169,0.0,0.0009920089570036,0.0,3.6890567819618043e-07,0.0,0.9997093023255814,0.0
