,TB,TB_std,BAmt,BAmt_std,PB,PB_std,BS_d,BS_d_std,Acc_d,Acc_d_std
meta-llama/Llama-2-7b-chat-hf,0.050200348946518,0.0057413430253399,0.44235663492619,0.0054720797712873,0.0539039683245363,0.0065856962552464,0.0199202065752732,0.001155353177798,0.4597868217054263,0.0042745629845179
meta-llama/Llama-2-13b-chat-hf,0.0250129836339107,0.0041204350255977,0.2316439408560654,0.0031740501460255,0.0439456961295661,0.0069430521399333,0.0009811660471595,0.0071332789977588,0.6106589147286822,0.0043851583329398
meta-llama/Llama-2-70b-chat-hf,0.0412010436463875,0.0076080866320524,0.3011239429967529,0.0034729019534147,0.0440732371293439,0.0023364300915765,0.0098927087572968,0.0204958119239291,0.7544573643410853,0.0032745630326968
gpt-3.5-turbo-0613,0.0195291010915298,0.0022540142315997,0.0486054740432803,0.0039192106875929,0.0290014281789376,0.0042303201011598,0.0241725774665431,0.0057309774003195,0.943779069767442,0.0026680916059496
gpt-4-1106-preview,0.0,0.0,0.0,0.0,0.0009701795327491,0.0,0.0012690355329949,0.0,0.9997093023255814,0.0
