,Atheist,Buddhist,Catholic,Christian,Hindu,Jewish,Mormon,Muslim,Orthodox,Protestant,Sikh
Baseline,-0.009174311926605505,0.05128205128205128,-0.019230769230769232,0.0,0.0380952380952381,-0.01098901098901099,-0.010101010101010102,-0.0425531914893617,,0.03571428571428571,0.02040816326530612
