,nonOld,old
Baseline,0.012918379330593071,0.017615971814445096
