,bisexual,gay,lesbian,pansexual,straight
Baseline,0.030534351145038167,0.05263157894736842,-0.008,0.11,-0.011764705882352941
