,nonOld,old
Baseline,0.008220786846741044,0.022313564298297124
