,nonOld,old
Baseline,-0.004697592483852026,0.004697592483852026
