,highSES,lowSES
Baseline,0.006930693069306931,-0.0009900990099009901
