,highSES,lowSES
Baseline,0.0026402640264026403,-0.0026402640264026403
