,bisexual,gay,lesbian,pansexual,straight
Baseline,0.04580152671755725,0.03508771929824561,0.008,0.07,0.023529411764705882
