,bisexual,gay,lesbian,pansexual,straight
Baseline,0.0212765957446808,-0.0708333333333333,0.0555555555555555,-0.0285714285714285,0.0603448275862069
bisexual,0.0957446808510638,-0.05,0.0222222222222222,-0.0357142857142857,-0.043103448275862
gay,-0.101063829787234,0.075,0.0666666666666666,-0.0142857142857142,-0.0775862068965517
lesbian,-0.0744680851063829,-0.0166666666666666,0.1777777777777777,0.0142857142857142,-0.1379310344827586
pansexual,0.026595744680851,-0.0708333333333333,-0.0444444444444444,0.1785714285714285,-0.043103448275862
straight,-0.0372340425531914,-0.0791666666666666,0.0111111111111111,-0.0285714285714285,0.2413793103448276
