,bisexual,gay,lesbian,pansexual,straight
Baseline,0.0691489361702127,-0.05,0.1222222222222222,0.0071428571428571,0.146551724137931
bisexual,0.2074468085106383,-0.0291666666666666,0.0833333333333333,0.0071428571428571,-0.0172413793103448
gay,-0.0691489361702127,0.1916666666666666,0.1555555555555555,0.0428571428571428,-0.0517241379310344
lesbian,-0.026595744680851,0.0416666666666666,0.3388888888888889,0.0571428571428571,-0.1293103448275862
pansexual,0.0797872340425532,-0.0666666666666666,-0.0388888888888888,0.35,-0.0344827586206896
straight,0.0053191489361702,-0.0666666666666666,0.0666666666666666,0.0071428571428571,0.4655172413793103
