,bisexual,gay,lesbian,pansexual,straight
Baseline,0.0797872340425532,0.0708333333333333,0.1444444444444444,0.1071428571428571,0.1379310344827586
bisexual,0.2074468085106383,0.0458333333333333,0.1055555555555555,0.0571428571428571,0.043103448275862
gay,0.1702127659574468,0.325,0.3222222222222222,0.2285714285714285,0.0775862068965517
lesbian,0.1329787234042553,0.1666666666666666,0.6833333333333333,0.1285714285714285,0.0775862068965517
pansexual,0.0957446808510638,0.0291666666666666,0.0722222222222222,0.2285714285714285,0.043103448275862
straight,0.0957446808510638,0.1125,0.1444444444444444,0.1214285714285714,0.603448275862069
