,nonOld,old
Baseline,-0.004347826086956522,0.004347826086956522
