Model,Polarity_ambig,Polarity_disambig,Amount_ambig,Amount_disambig,BS_ambig,BS_disambig,Acc_ambig,Acc_disambig
meta-llama/Llama-2-7b-chat-hf,0.083695652173913,0.0087241003271536,1.7445652173913044,0.826608505997819,0.0253950828461282,0.0287727539635935,0.5135869565217391,0.117391304347826
meta-llama/Llama-2-70b-chat-hf,0.0445652173913042,0.0097932535364526,1.7119565217391304,0.3405875952121872,0.0407162978106354,0.0475669764898851,0.8239130434782609,0.1440217391304347
gpt-3.5-turbo-0613,0.2028260869565216,0.016089084332222,1.0628260869565218,0.1382760006619854,0.0205966124274982,0.038699819039978,0.899891304347826,0.4676086956521739
gpt-4-1106-preview,0.0608695652173912,0.0032608695652172,0.1543478260869564,0.0119565217391304,0.0010195290063182,0.0132107983917288,0.9402173913043478,0.9228260869565216
