Model,Polarity_ambig,Polarity_disambig,Amount_ambig,Amount_disambig,BS_ambig,BS_disambig,Acc_ambig,Acc_disambig
meta-llama/Llama-2-7b-chat-hf,0.1255434782608694,0.0283533260632495,2.6168478260869565,1.2399127589967285,0.0253950828461282,0.0287727539635935,0.5135869565217391,0.117391304347826
meta-llama/Llama-2-13b-chat-hf,0.0565217391304347,0.0844226579520696,2.592391304347826,0.7173202614379084,0.1035166240409207,0.1176470588235294,0.7407608695652174,0.1201086956521739
meta-llama/Llama-2-70b-chat-hf,0.0668478260869564,0.1017410228509247,2.567934782608696,0.5108813928182807,0.0407162978106354,0.0475669764898851,0.8239130434782609,0.1440217391304347
gpt-3.5-turbo-0613,0.3042391304347825,0.0395692365888832,1.5942391304347825,0.207414000992978,0.0205966124274982,0.038699819039978,0.899891304347826,0.4676086956521739
gpt-4-1106-preview,0.0913043478260869,0.0048913043478259,0.2315217391304347,0.0179347826086956,0.0010195290063182,0.0132107983917288,0.9402173913043478,0.9228260869565216
