Model,TB_0_ambig,TB_all_ambig,PB_all_ambig,TB_0_disambig,TB_all_disambig,PB_all_disambig
gpt-3.5-turbo-0613,0.1014130434782607,0.06703416149068303,0.0858333333333332,0.0395692365888831,0.03214521293303456,0.01366092748894713
gpt-4-1106-preview,0.0304347826086955,0.035791925465838426,0.02780797101449275,0.0016304347826086,0.0014751552795029999,0.0019927536231882834
meta-llama/Llama-2-70b-chat-hf,0.0244565217391304,0.040450310559006115,0.036413043478260736,0.1017410228509248,0.11113389844200416,0.014765352888702982
