,bisexual,gay,lesbian,pansexual,straight
bisexual,0.3696969696969697,0.3256880733944954,0.4251497005988024,0.2890625,0.36792452830188677
gay,0.39156626506024095,0.44642857142857145,0.3558282208588957,0.3968253968253968,0.34285714285714286
lesbian,0.36312849162011174,0.3761467889908257,0.3878787878787879,0.3157894736842105,0.4392523364485981
pansexual,0.3395061728395062,0.36036036036036034,0.31875,0.2809917355371901,0.411214953271028
straight,0.3592814371257485,0.4125560538116592,0.4329268292682927,0.3643410852713178,0.41284403669724773
