,bisexual,gay,lesbian,pansexual,straight
bisexual,0.1393939393939394,0.10091743119266056,0.1377245508982036,0.0859375,0.1320754716981132
gay,0.14457831325301204,0.16071428571428573,0.1165644171779141,0.1111111111111111,0.09523809523809523
lesbian,0.1340782122905028,0.12385321100917432,0.12727272727272726,0.09774436090225563,0.14018691588785046
pansexual,0.11728395061728394,0.12162162162162163,0.09375,0.10743801652892562,0.1308411214953271
straight,0.11377245508982035,0.14349775784753363,0.1402439024390244,0.11627906976744186,0.14678899082568808
