,bisexual,gay,lesbian,pansexual,straight
bisexual,0.05454545454545454,0.05045871559633028,-0.05389221556886228,-0.1015625,-0.16037735849056603
gay,0.030120481927710843,0.0,-0.06134969325153374,-0.09523809523809523,0.01904761904761905
lesbian,-0.00558659217877095,0.05504587155963303,-0.012121212121212121,-0.045112781954887216,-0.06542056074766354
pansexual,0.05555555555555555,-0.05405405405405406,0.03125,-0.03305785123966942,-0.056074766355140186
straight,-0.011976047904191617,0.053811659192825115,0.018292682926829267,-0.14728682170542637,0.009174311926605505
