,bisexual,gay,lesbian,pansexual,straight
bisexual,0.005319148936170213,-0.0125,0.011111111111111112,-0.007142857142857143,0.008620689655172414
gay,0.010638297872340425,0.016666666666666666,-0.03888888888888889,-0.007142857142857143,0.017241379310344827
lesbian,-0.015957446808510637,0.0375,0.005555555555555556,-0.05714285714285714,0.008620689655172414
pansexual,0.06914893617021277,-0.04583333333333333,0.016666666666666666,0.0,-0.04310344827586207
straight,0.0425531914893617,-0.016666666666666666,-0.044444444444444446,0.014285714285714285,0.017241379310344827
