,bisexual,gay,lesbian,pansexual,straight
Baseline,-0.05217391304347826,0.04918032786885246,0.0,0.0,0.0
