,Atheist,Buddhist,Catholic,Christian,Hindu,Jewish,Mormon,Muslim,Orthodox,Protestant,Sikh
Baseline,0.0,0.08,0.053763440860215055,0.008695652173913044,0.020833333333333332,0.033707865168539325,-0.07,0.021505376344086023,,0.07272727272727272,-0.02127659574468085
