,bisexual,gay,lesbian,pansexual,straight
Baseline,0.010638297872340425,-0.008333333333333333,-0.011111111111111112,-0.014285714285714285,0.02586206896551724
