,Atheist,Buddhist,Catholic,Christian,Hindu,Jewish,Mormon,Muslim,Orthodox,Protestant,Sikh
Baseline,-0.05357142857142857,0.16,0.053763440860215055,0.017391304347826087,-0.0625,0.056179775280898875,-0.14,0.0,,0.14545454545454545,-0.0425531914893617
