,nonOld,old
Baseline,0.02885682574916759,0.05715871254162042
