,nonOld,old
Baseline,0.03829078801331853,0.04772475027746948
