,nonOld,old
Baseline,0.09326086956521734,-0.00815217391304346
