,nonOld,old
Baseline,0.03287205012870342,0.0079568704058562
