,nonOld,old
Baseline,0.02456699022108768,0.016261930313471944
