,highSES,lowSES
Baseline,0.0160259309346622,-0.0160259309346622
