,Atheist,Buddhist,Catholic,Christian,Hindu,Jewish,Mormon,Muslim,Orthodox,Protestant,Sikh
Baseline,0.021769919049626517,0.0662778730703259,0.04901666322029222,0.0054969638862256195,-0.09233397737679118,0.04245992688413946,-0.05443338563796751,4.571260045711997e-05,,0.0697641574112162,0.08362409752633441
