,bisexual,gay,lesbian,pansexual,straight
Baseline,0.02150548791804836,0.015450232638377939,0.04507506453942768,0.00805265195509096,0.06990844262922673
