,bisexual,gay,lesbian,pansexual,straight
Baseline,0.007138619255731921,-0.0037907680928275602,0.07192948245970136,-0.02343447541618272,0.12819978613272462
