,highSES,lowSES
Baseline,0.0206739881640103,-0.02740380463997638
