,nonOld,old
Baseline,0.0083050599076157,-0.0083050599076157
