,nonOld,old
Baseline,0.023450586264656615,0.018425460636515914
