,highSES,lowSES
Baseline,0.014605067064083458,-0.014605067064083458
