,highSES,lowSES
Baseline,0.017585692995529062,-0.02622950819672131
