,nonOld,old
Baseline,0.027512633352049412,0.017967434025828188
