,highSES,lowSES
Baseline,0.00655933214072749,-0.007453786523553965
