,bisexual,gay,lesbian,pansexual,straight
Baseline,0.07446808510638298,-0.08333333333333333,-0.05,0.17142857142857143,0.28448275862068967
