,Atheist,Buddhist,Catholic,Christian,Hindu,Jewish,Mormon,Muslim,Orthodox,Protestant,Sikh
Baseline,0.007462686567164179,0.03773584905660377,0.03225806451612903,0.013605442176870748,-0.016129032258064516,0.0234375,-0.016129032258064516,0.015151515151515152,,0.046153846153846156,0.028169014084507043
