,Atheist,Buddhist,Catholic,Christian,Hindu,Jewish,Mormon,Muslim,Orthodox,Protestant,Sikh
Baseline,-0.014388489208633094,0.05454545454545454,0.0,0.013605442176870748,-0.08196721311475409,0.031746031746031744,-0.04065040650406504,0.0,,0.04411764705882353,0.07142857142857142
