,nonOld,old
Baseline,0.026374859708193043,0.01627384960718294
