,bisexual,gay,lesbian,pansexual,straight
Baseline,0.017543859649122806,0.0,0.06707317073170732,-0.03968253968253968,0.09803921568627451
