,Atheist,Buddhist,Catholic,Christian,Hindu,Jewish,Mormon,Muslim,Orthodox,Protestant,Sikh
Baseline,0.0072992700729927005,0.05454545454545454,0.03125,-0.006711409395973154,-0.08130081300813008,-0.0078125,-0.016260162601626018,-0.014814814814814815,,0.030303030303030304,0.08823529411764706
