,Atheist,Buddhist,Catholic,Christian,Hindu,Jewish,Mormon,Muslim,Orthodox,Protestant,Sikh
Baseline,0.0072992700729927005,-0.01818181818181818,0.015873015873015872,-0.006711409395973154,-0.024,0.03125,-0.015748031496062992,0.014598540145985401,,0.030303030303030304,0.02857142857142857
