,nonOld,old
Baseline,0.20054347826086957,-0.1092391304347826
