,highSES,lowSES
Baseline,0.020541827924977673,-0.020541827924977673
