,Atheist,Buddhist,Catholic,Christian,Hindu,Jewish,Mormon,Muslim,Orthodox,Protestant,Sikh
Baseline,0.021897810218978103,0.07272727272727272,0.0546875,0.013422818791946308,-0.12195121951219512,-0.0078125,-0.008130081300813009,-0.022222222222222223,,0.045454545454545456,0.16176470588235295
