,bisexual,gay,lesbian,pansexual,straight
Baseline,-0.011834319526627219,0.0,0.05521472392638037,-0.0078125,0.1485148514851485
