,nonOld,old
Baseline,0.02847571189279732,0.01340033500837521
