,nonOld,old
Baseline,0.024184476940382452,0.0140607424071991
