,nonOld,old
Baseline,0.009545199326221224,-0.009545199326221224
