,bisexual,gay,lesbian,pansexual,straight
Baseline,0.023391812865497075,0.014634146341463415,0.042682926829268296,0.0,0.049019607843137254
