,bisexual,gay,lesbian,pansexual,straight
Baseline,-0.005847953216374269,-0.014634146341463415,0.024390243902439025,-0.03968253968253968,0.049019607843137254
