,bisexual,gay,lesbian,pansexual,straight
Baseline,0.024242424242424242,0.033816425120772944,0.043209876543209874,-0.015625,0.0784313725490196
