,Atheist,Buddhist,Catholic,Christian,Hindu,Jewish,Mormon,Muslim,Orthodox,Protestant,Sikh
Baseline,0.06521739130434782,0.07272727272727272,0.046875,-0.013422818791946308,-0.08064516129032258,0.031496062992125984,-0.07142857142857142,-0.007462686567164179,,0.09230769230769231,0.014705882352941176
