,highSES,lowSES
Baseline,0.020572450805008944,-0.02146690518783542
