,highSES,lowSES
Baseline,0.02355396541443053,-0.031007751937984496
