,Atheist,Buddhist,Catholic,Christian,Hindu,Jewish,Mormon,Muslim,Orthodox,Protestant,Sikh
Baseline,0.014388489208633094,0.03636363636363636,0.015384615384615385,0.02040816326530612,-0.02459016393442623,0.03968253968253968,-0.008130081300813009,0.007462686567164179,,0.029411764705882353,0.05714285714285714
