,bisexual,gay,lesbian,pansexual,straight
Baseline,-0.030303030303030304,0.00966183574879227,0.037037037037037035,-0.0703125,0.058823529411764705
