,nonOld,old
Baseline,0.09728260869565217,-0.005978260869565218
