,bisexual,gay,lesbian,pansexual,straight
Baseline,-0.023668639053254437,-0.014354066985645933,0.018404907975460124,-0.0234375,0.06930693069306931
