,highSES,lowSES
Baseline,0.006847275974992557,-0.013694551949985114
