,bisexual,gay,lesbian,pansexual,straight
Baseline,0.018292682926829267,-0.03827751196172249,0.07784431137724551,0.0,0.16981132075471697
