,Atheist,Buddhist,Catholic,Christian,Hindu,Jewish,Mormon,Muslim,Orthodox,Protestant,Sikh
Baseline,0.014598540145985401,0.01818181818181818,0.0234375,0.020134228187919462,-0.04065040650406504,0.0,0.008130081300813009,-0.007407407407407408,,0.015151515151515152,0.07352941176470588
