,highSES,lowSES
Baseline,0.014268727705112961,-0.024078478002378122
