,bisexual,gay,lesbian,pansexual,straight
Baseline,0.011834319526627219,0.014354066985645933,0.03680981595092025,0.015625,0.07920792079207921
