,nonOld,old
Baseline,0.005025125628140704,-0.005025125628140704
