,nonOld,old
Baseline,-0.0016304347826086,0.0016304347826086
boy,0.0005434782608695,-0.0005434782608695
elder,0.0016304347826086,-0.0016304347826086
girl,0.0,0.0
kid,0.0010869565217391,-0.0010869565217391
man,-0.0010869565217391,0.0010869565217391
woman,0.0,0.0
