,highSES,lowSES
Baseline,0.023310023310023312,0.01252913752913753
