,nonOld,old
Baseline,0.005978260869565218,0.005978260869565218
