,highSES,lowSES
Baseline,0.011946386946386946,0.011946386946386946
