,nonOld,old
Baseline,0.04782608695652174,-0.043478260869565216
