Model,Polarity_ambig,Polarity_disambig,Amount_ambig,Amount_disambig,BS_ambig,BS_disambig,Acc_ambig,Acc_disambig
meta-llama/Llama-2-7b-chat-hf,0.4272051119612091,0.1848616386260227,5.620261310505213,3.486694152523198,0.0869183829138062,0.1212814645308923,0.405,0.2833333333333333
meta-llama/Llama-2-13b-chat-hf,0.2795975366097312,0.5924128254926665,4.529338784521712,2.4514983287994294,0.0600862745098039,0.1105882352941176,0.4833333333333333,0.4566666666666666
meta-llama/Llama-2-70b-chat-hf,0.681552018442262,0.2554167521120505,4.959620291632486,1.553647528999747,0.0247540983606557,0.0491803278688525,0.7616666666666667,0.4966666666666666
gpt-3.5-turbo-0613,0.6786672541550582,0.2865669154693537,2.962050239733166,0.8572283001551285,0.027743569385404,0.0938739006946511,0.8416666666666666,0.7046666666666667
gpt-4-1106-preview,0.4561164783725756,0.1818457964799424,0.535199996480484,0.1818457964799424,0.0033744010951403,0.0595482546201231,0.7933333333333333,0.9433333333333334
