Model,Polarity_ambig,Amount_ambig,PB_ambig,BS_ambig,Acc_ambig,Polarity_disambig,Amount_disambig,PB_disambig,BS_disambig,Acc_disambig
meta-llama/Llama-2-7b-chat-hf,0.0777711922224117,0.8402932568786227,0.009845910593471566,0.0869183829138062,0.405,0.04348260341105627,0.5182627660508026,0.6948593425609527,0.1212814645308923,0.2833333333333333
meta-llama/Llama-2-13b-chat-hf,0.07951389058096373,0.678822793060598,0.009303181405315549,0.0600862745098039,0.4833333333333333,0.08632714394657946,0.3695766676085369,1.1069647287087043,0.1105882352941176,0.4566666666666666
meta-llama/Llama-2-70b-chat-hf,0.0937498612498612,0.7478372440567563,0.012434424044789897,0.0247540983606557,0.7616666666666667,0.04173601060243452,0.23618353710413853,0.41771339272008545,0.0491803278688525,0.4966666666666666
gpt-3.5-turbo-0613,0.11915643096740651,0.4394360064055185,0.009930222825954533,0.027743569385404,0.8416666666666666,0.045811161061160996,0.1287743306828672,0.21702673045522758,0.0938739006946511,0.7046666666666667
gpt-4-1106-preview,0.06974593495934955,0.08038895048041386,0.0013047959154666466,0.0033744010951403,0.7933333333333333,0.026894985096204582,0.026894985096204582,0.05993496341057296,0.0595482546201231,0.9433333333333334
