Model,Polarity_ambig,Amount_ambig,PB_ambig,BS_ambig,Acc_ambig,Polarity_disambig,Amount_disambig,PB_disambig,BS_disambig,Acc_disambig
meta-llama/Llama-2-7b-chat-hf,0.0427205111961209,0.5620261310505212,0.06112435802679701,0.0869183829138062,0.405,0.0184861638626022,0.3486694152523198,0.0371916269583374,0.1212814645308923,0.2833333333333333
meta-llama/Llama-2-13b-chat-hf,0.0279597536609731,0.4529338784521711,0.040328975225316595,0.0600862745098039,0.4833333333333333,0.0592412825492666,0.2451498328799429,0.07358073023266287,0.1105882352941176,0.4566666666666666
meta-llama/Llama-2-70b-chat-hf,0.0681552018442262,0.4959620291632486,0.08030417346880755,0.0247540983606557,0.7616666666666667,0.025541675211205,0.1553647528999747,0.025142277172567264,0.0491803278688525,0.4966666666666666
gpt-3.5-turbo-0613,0.0678667254155058,0.2962050239733166,0.0621236744285524,0.027743569385404,0.8416666666666666,0.0286566915469353,0.0857228300155128,0.014210162730367789,0.0938739006946511,0.7046666666666667
gpt-4-1106-preview,0.0456116478372575,0.0535199996480484,0.00911275817678251,0.0033744010951403,0.7933333333333333,0.0181845796479942,0.0181845796479942,0.00457105766861858,0.0595482546201231,0.9433333333333334
