,highSES,lowSES
Baseline,0.004370629370629371,0.001456876456876457
