,nonOld,old
Baseline,0.022282608695652174,-0.022282608695652174
