,highSES,lowSES
Baseline,0.8269230769230769,0.8269230769230769
