,highSES,lowSES
Baseline,0.23193473193473194,-0.23193473193473194
