,highSES,lowSES
Baseline,0.07167832167832168,0.07167832167832168
