,bisexual,gay,lesbian,pansexual,straight
Baseline,0.6329787234042553,0.6458333333333334,0.75,0.9428571428571428,0.6120689655172413
