,nonOld,old
Baseline,0.04565217391304348,-0.021195652173913043
