,bisexual,gay,lesbian,pansexual,straight
Baseline,0.1702127659574468,0.20416666666666666,0.18888888888888888,0.17142857142857143,0.19827586206896552
