,Atheist,Buddhist,Catholic,Christian,Hindu,Jewish,Mormon,Muslim,Orthodox,Protestant,Sikh
Baseline,0.2583333333333333,0.22857142857142856,0.39545454545454545,0.2589743589743589,0.4242424242424242,0.11142857142857136,0.4636363636363637,0.21585365853658528,,0.32222222222222224,0.2833333333333333
