,bisexual,gay,lesbian,pansexual,straight
Baseline,0.2797872340425532,0.315,0.4344444444444444,0.36999999999999994,0.41206896551724137
