,nonOld,old
Baseline,0.10141304347826083,-0.10141304347826083
