,bisexual,gay,lesbian,pansexual,straight
Baseline,0.09999999999999995,0.08249999999999995,0.16222222222222218,0.11428571428571424,0.1568965517241379
