,highSES,lowSES
Baseline,0.03479020979020974,0.03479020979020974
