,nonOld,old
Baseline,-0.01108695652173912,-0.013043478260869523
