,bisexual,gay,lesbian,pansexual,straight
Baseline,-0.012765957446808479,-0.01671208232246872,0.0244444444444444,-0.028633093525179804,0.05179910044977508
