,highSES,lowSES
Baseline,0.4895104895104895,0.4458041958041957
