,bisexual,gay,lesbian,pansexual,straight
Baseline,0.09787234042553188,0.11187297094570044,0.16111111111111107,0.09025693730729697,0.19340329835082454
