,nonOld,old
Baseline,0.5314130434782609,0.5314130434782609
