,bisexual,gay,lesbian,pansexual,straight
Baseline,0.06808510638297868,0.08350468220761106,0.09555555555555549,0.06875642343268237,0.11395802098950518
