,bisexual,gay,lesbian,pansexual,straight
Baseline,0.006382978723404239,-0.00333333333333332,0.06555555555555553,-0.021428571428571422,0.11379310344827584
