,nonOld,old
Baseline,0.00804454216611102,-0.00804454216611102
