,nonOld,old
Baseline,0.041200557959193286,0.027937442371799383
