,nonOld,old
Baseline,-0.011086956521739121,-0.013043478260869521
