Persona,BS_a,BS_d,Diff_Bias_d,Diff_Bias_a,Acc_a,Acc_d
Baseline,0.019128482896598867,0.03591470258136931,0.12608695652173907,0.25869565217391305,0.4673913043478261,0.8967391304347826
