,Atheist,Buddhist,Catholic,Christian,Hindu,Jewish,Mormon,Muslim,Orthodox,Protestant,Sikh
Baseline,0.041666666666666664,0.03571428571428571,0.022727272727272728,-0.01282051282051282,-0.05303030303030303,0.014285714285714285,-0.05303030303030303,-0.006097560975609756,,0.05555555555555555,0.0
