,nonOld,old
Baseline,0.0016304347826086956,-0.027717391304347826
