,bisexual,gay,lesbian,pansexual,straight
Baseline,0.02127659574468085,-0.07083333333333333,0.05555555555555555,-0.02857142857142857,0.0603448275862069
