,nonOld,old
Baseline,0.041304347826086954,0.028804347826086957
