,bisexual,gay,lesbian,pansexual,straight
Baseline,0.0425531914893617,0.012605042016806723,0.05,0.02877697841726619,0.0782608695652174
