,nonOld,old
Baseline,0.023382272974442633,0.013594344752582926
