,bisexual,gay,lesbian,pansexual,straight
Baseline,0.0851063829787234,0.125,0.16111111111111112,0.07857142857142857,0.16379310344827586
