,bisexual,gay,lesbian,pansexual,straight
Baseline,0.02127659574468085,0.008368200836820083,0.044444444444444446,0.02158273381294964,0.04310344827586207
