,bisexual,gay,lesbian,pansexual,straight
Baseline,0.015957446808510637,-0.03333333333333333,0.07222222222222222,0.0,0.15517241379310345
