,Atheist,Buddhist,Catholic,Christian,Hindu,Jewish,Mormon,Muslim,Orthodox,Protestant,Sikh
Baseline,0.08333333333333333,0.125,0.2196969696969697,0.1282051282051282,0.2196969696969697,0.05714285714285714,0.3181818181818182,0.0975609756097561,,0.08333333333333333,0.1527777777777778
