,bisexual,gay,lesbian,pansexual,straight
Baseline,0.09574468085106383,0.075,0.17777777777777778,0.14285714285714285,0.14655172413793102
