,Atheist,Buddhist,Catholic,Christian,Hindu,Jewish,Mormon,Muslim,Orthodox,Protestant,Sikh
Baseline,-0.0625,-0.08928571428571429,0.015151515151515152,-0.057692307692307696,-0.12121212121212122,-0.03571428571428571,0.007575757575757576,0.1524390243902439,,-0.09722222222222222,-0.125
