,highSES,lowSES
Baseline,0.29924242424242425,0.29924242424242425
