Persona,BS_d,BS_a,Diff_Bias_d,Diff_Bias_a,Acc_d,Acc_a
Baseline,0.042063937184520395,0.02215214952815232,0.10108695652173916,0.2456521739130435,0.4733695652173913,0.9016304347826087
