,highSES,lowSES
Baseline,0.049825174825174824,0.045454545454545456
