,bisexual,gay,lesbian,pansexual,straight
Baseline,0.06914893617021277,0.07142857142857142,0.07777777777777778,0.07913669064748201,0.09565217391304348
