,bisexual,gay,lesbian,pansexual,straight
Baseline,0.015957446808510637,-0.02092050209205021,0.07222222222222222,0.014388489208633094,0.07758620689655173
