,bisexual,gay,lesbian,pansexual,straight
Baseline,0.0797872340425532,0.07083333333333333,0.14444444444444443,0.10714285714285714,0.13793103448275862
