,bisexual,gay,lesbian,pansexual,straight
Baseline,-0.005319148936170213,-0.012605042016806723,0.022222222222222223,-0.03597122302158273,0.043478260869565216
