,bisexual,gay,lesbian,pansexual,straight
Baseline,0.2765957446808511,0.35833333333333334,0.4388888888888889,0.45714285714285713,0.5258620689655172
