,highSES,lowSES
Baseline,0.49504662004662003,0.44813519813519814
