,nonOld,old
Baseline,0.009787928221859706,-0.009787928221859706
