,nonOld,old
Baseline,-0.01141304347826087,-0.009782608695652175
