,bisexual,gay,lesbian,pansexual,straight
Baseline,0.02127659574468085,0.016736401673640166,0.05555555555555555,0.02158273381294964,0.07758620689655173
