,bisexual,gay,lesbian,pansexual,straight
Baseline,0.026595744680851064,-0.09166666666666666,-0.05555555555555555,0.07142857142857142,0.14655172413793102
