,nonOld,old
Baseline,0.07173913043478261,0.07173913043478261
