,highSES,lowSES
Baseline,0.10227272727272728,0.0011655011655011655
