Persona,BS_d,BS_a,Diff_Bias_d,Diff_Bias_a,Acc_d,Acc_a
Baseline,0.08214285714285707,0.024642857142857126,0.026666666666666727,0.08333333333333334,0.7,0.8533333333333334
