,bisexual,gay,lesbian,pansexual,straight
Baseline,0.0797872340425532,0.0794979079497908,0.1388888888888889,0.07194244604316546,0.1810344827586207
