,highSES,lowSES
Baseline,-0.04516317016317016,0.01048951048951049
