,bisexual,gay,lesbian,pansexual,straight
Baseline,0.015957446808510637,0.0,0.06111111111111111,-0.03597122302158273,0.08695652173913043
