,nonOld,old
Baseline,0.22391304347826088,-0.15108695652173912
