,bisexual,gay,lesbian,pansexual,straight
Baseline,-0.005319148936170213,-0.0375,0.022222222222222223,-0.014285714285714285,0.06896551724137931
