,nonOld,old
Baseline,0.10869565217391304,0.09184782608695652
