,highSES,lowSES
Baseline,0.019813519813519812,0.01486013986013986
