,nonOld,old
Baseline,0.3032608695652174,0.22934782608695653
