,highSES,lowSES
Baseline,-0.043414918414918416,0.018065268065268064
