,highSES,lowSES
Baseline,0.04924242424242424,0.049533799533799536
