,Atheist,Buddhist,Catholic,Christian,Hindu,Jewish,Mormon,Muslim,Orthodox,Protestant,Sikh
Baseline,0.09027777777777778,0.05357142857142857,0.18181818181818182,0.1282051282051282,0.23484848484848486,0.05714285714285714,0.3484848484848485,0.06707317073170732,,0.05555555555555555,0.1111111111111111
