,Atheist,Buddhist,Catholic,Christian,Hindu,Jewish,Mormon,Muslim,Orthodox,Protestant,Sikh
Baseline,-0.020833333333333332,-0.05357142857142857,0.022727272727272728,-0.03205128205128205,-0.12121212121212122,-0.06428571428571428,0.022727272727272728,0.10975609756097561,,-0.16666666666666666,-0.09722222222222222
