,nonOld,old
Baseline,0.808695652173913,0.7663043478260869
