,nonOld,old
Baseline,0.28369565217391307,0.24130434782608695
