,nonOld,old
Baseline,0.09347826086956522,-0.09347826086956522
