,bisexual,gay,lesbian,pansexual,straight
Baseline,0.2925531914893617,0.30833333333333335,0.4777777777777778,0.37857142857142856,0.4051724137931034
