,Atheist,Buddhist,Catholic,Christian,Hindu,Jewish,Mormon,Muslim,Orthodox,Protestant,Sikh
Baseline,0.006944444444444444,0.05357142857142857,0.030303030303030304,-0.00641025641025641,-0.07575757575757576,-0.007142857142857143,-0.015151515151515152,-0.012195121951219513,,0.027777777777777776,0.08333333333333333
