,highSES,lowSES
Baseline,0.16958041958041958,0.12966200466200467
