,Atheist,Buddhist,Catholic,Christian,Hindu,Jewish,Mormon,Muslim,Orthodox,Protestant,Sikh
Baseline,0.24305555555555555,0.17857142857142858,0.4015151515151515,0.2692307692307692,0.4393939393939394,0.11428571428571428,0.4772727272727273,0.21341463414634146,,0.3194444444444444,0.3194444444444444
