,nonOld,old
Baseline,0.10543478260869565,0.0967391304347826
