,highSES,lowSES
Baseline,0.317016317016317,0.317016317016317
