,bisexual,gay,lesbian,pansexual,straight
Baseline,0.11170212765957446,0.1375,0.16111111111111112,0.07857142857142857,0.22413793103448276
