,bisexual,gay,lesbian,pansexual,straight
Baseline,0.22872340425531915,0.275,0.36666666666666664,0.35,0.3706896551724138
