,bisexual,gay,lesbian,pansexual,straight
Baseline,0.0797872340425532,0.07916666666666666,0.1388888888888889,0.07142857142857142,0.1810344827586207
