,Atheist,Buddhist,Catholic,Christian,Hindu,Jewish,Mormon,Muslim,Orthodox,Protestant,Sikh
Baseline,0.09722222222222222,0.07142857142857142,0.06818181818181818,0.07692307692307693,0.12121212121212122,0.1,0.11363636363636363,0.04878048780487805,,0.1111111111111111,0.08333333333333333
