,bisexual,gay,lesbian,pansexual,straight
Baseline,0.11170212765957446,0.08403361344537816,0.12777777777777777,0.1079136690647482,0.17391304347826086
