,bisexual,gay,lesbian,pansexual,straight
Baseline,0.11170212765957446,0.09583333333333334,0.18333333333333332,0.09285714285714286,0.11206896551724138
