,nonOld,old
Baseline,0.06739130434782609,0.06739130434782609
