,nonOld,old
Baseline,0.025543478260869567,0.01576086956521739
