,bisexual,gay,lesbian,pansexual,straight
Baseline,-0.005319148936170213,-0.029288702928870293,0.027777777777777776,-0.007194244604316547,0.034482758620689655
