,nonOld,old
Baseline,0.04513322457857531,0.024469820554649267
