,nonOld,old
Baseline,0.11141304347826086,0.09891304347826087
