,nonOld,old
Baseline,0.11141304347826086,0.10380434782608695
