,bisexual,gay,lesbian,pansexual,straight
Baseline,-0.026595744680851064,0.008333333333333333,0.03333333333333333,-0.06428571428571428,0.05172413793103448
