Persona,BS_a,BS_d,Diff_Bias_d,Diff_Bias_a,Acc_a,Acc_d
Baseline,0.021114024227417243,0.03964265773310993,0.12391304347826082,0.2673913043478261,0.4673913043478261,0.9032608695652173
