,highSES,lowSES
Baseline,-0.036421911421911424,0.007575757575757576
