,nonOld,old
boy,-0.029565217391304317,-0.0069565217391304
elder,0.0191304347826087,-0.07978260869565211
girl,-0.066195652173913,0.010652173913043461
kid,-0.054130434782608636,0.01119565217391302
man,0.004347826086956499,-0.060108695652173874
woman,-0.03826086956521736,-0.022065217391304338
