Persona,BS_d,BS_a,Diff_Bias_d,Diff_Bias_a,Acc_d,Acc_a
boy,0.054217849482271666,0.045095546585736314,0.10739130434782602,0.27260869565217394,0.17760869565217385,0.8671739130434784
elder,0.05487711814742544,0.04333364243607873,0.10304347826086953,0.28478260869565214,0.20423913043478265,0.8386956521739132
girl,0.07706013630747995,0.0628081832768567,0.07369565217391298,0.23902173913043473,0.18913043478260863,0.8527173913043479
kid,0.0524777493483534,0.042959808311454364,0.1169565217391304,0.1901086956521739,0.18239130434782605,0.8354347826086957
man,0.06840149929216288,0.05395619788212597,0.10065217391304346,0.29891304347826086,0.21749999999999997,0.8542391304347825
woman,0.06994753816137572,0.055533164923910916,0.05608695652173912,0.2710869565217391,0.21347826086956517,0.8523913043478262
