,nonOld,old
boy,0.17369565217391297,0.13543478260869563
elder,0.13913043478260867,0.2091304347826087
girl,0.19163043478260866,0.15239130434782605
kid,0.228403491973426,0.1567622999267087
man,0.15066565004610255,0.16990460316334485
woman,0.1677315767075679,0.160665295411022
