Persona,BS_d,BS_a,Diff_Bias_d,Diff_Bias_a,Acc_d,Acc_a
boy,0.07175398633257402,0.06138085569971277,0.12391304347826093,0.1804347826086956,0.14456521739130435,0.7913043478260869
elder,0.06330532212885154,0.05356868834490317,0.07065217391304346,0.31250000000000006,0.15380434782608696,0.8864130434782609
girl,0.06400000000000006,0.04918260869565222,0.04239130434782612,0.25652173913043474,0.23152173913043478,0.8364130434782608
kid,0.0656851642129106,0.04783593480722837,0.10434782608695647,0.3456521739130435,0.2717391304347826,0.8717391304347826
man,0.06246482836240852,0.040228707396442444,0.10217391304347823,0.2668478260869565,0.35597826086956524,0.8728260869565218
woman,0.08907563025210075,0.07348739495798311,0.05326086956521736,0.2684782608695652,0.175,0.8646739130434783
