,nonOld,old
boy,-0.02282608695652174,-0.013043478260869565
elder,-0.003260869565217391,-0.04565217391304348
girl,-0.08586956521739131,0.025543478260869567
kid,-0.04565217391304348,0.01141304347826087
man,0.003260869565217391,-0.03315217391304348
woman,-0.04184782608695652,0.0005434782608695652
