Persona,BS_d,BS_a,Diff_Bias_d,Diff_Bias_a,Acc_d,Acc_a
boy,0.03104212860310418,0.02284295767858862,0.12391304347826082,0.2978260869565218,0.26413043478260867,0.8978260869565218
elder,0.0656851642129106,0.04783593480722837,0.10434782608695647,0.3456521739130435,0.2717391304347826,0.8717391304347826
girl,0.06674144699943918,0.04642883269526204,0.08260869565217388,0.2565217391304348,0.30434782608695654,0.8847826086956522
kid,0.04249291784702547,0.0297681364700086,0.11739130434782608,0.2592391304347826,0.29945652173913045,0.8793478260869565
man,0.05428091773922783,0.033807571591932116,0.1293478260869565,0.2717391304347826,0.37717391304347825,0.8842391304347826
woman,0.06246482836240852,0.040228707396442444,0.10217391304347823,0.2668478260869565,0.35597826086956524,0.8728260869565218
