,nonOld,old
boy,-0.03641304347826087,-0.0010869565217391304
elder,-0.02282608695652174,-0.013043478260869565
girl,-0.043478260869565216,-0.03260869565217391
kid,-0.02391304347826087,-0.0625
man,-0.08586956521739131,0.025543478260869567
woman,0.0625,-0.13152173913043477
