,nonOld,old
boy,-0.010326086956521738,-0.034239130434782605
elder,0.0625,-0.13152173913043477
girl,-0.028804347826086957,-0.04184782608695652
kid,-0.06630434782608696,0.0010869565217391304
man,0.041304347826086954,-0.09782608695652174
woman,-0.043478260869565216,-0.03260869565217391
