,nonOld,old
boy,0.0125,-0.0766304347826087
elder,-0.028804347826086957,-0.002173913043478261
girl,-0.06956521739130435,0.03260869565217391
kid,-0.10489130434782609,0.045108695652173916
man,0.007065217391304348,-0.07608695652173914
woman,-0.075,0.025543478260869567
