,nonOld,old
boy,-0.1782608695652174,0.21467391304347827
elder,0.1,-0.051630434782608696
girl,0.1532608695652174,-0.13043478260869565
kid,0.1233695652173913,-0.08369565217391305
man,0.01576086956521739,0.020652173913043477
woman,0.15271739130434783,-0.07717391304347826
