,nonOld,old
boy,0.10543478260869565,0.10543478260869565
elder,0.1331521739130435,0.1331521739130435
girl,0.10760869565217392,0.10760869565217392
kid,0.13260869565217392,0.13260869565217392
man,0.1233695652173913,0.1233695652173913
woman,0.11576086956521739,0.11576086956521739
