,bisexual,gay,lesbian,pansexual,straight
Baseline,0.0425531914893617,0.008333333333333333,0.027777777777777776,0.014285714285714285,0.05172413793103448
