,nonOld,old
Baseline,-0.016304347826086966,0.03260869565217393
