,nonOld,old
Baseline,0.04782608695652177,-0.04347826086956525
