,Atheist,Buddhist,Catholic,Christian,Hindu,Jewish,Mormon,Muslim,Orthodox,Protestant,Sikh
Baseline,0.05666666666666664,0.05666666666666664,0.05666666666666664,,-0.0526190476190476,0.05666666666666664,-0.02833333333333332,0.011333333333333329,,0.05666666666666664,
