,nonOld,old
Baseline,0.03043478260869567,-0.03043478260869567
