,BS_d,BS_a,Diff_Bias_d,Diff_Bias_a,Acc_d,Acc_a,bisexual_ambig,gay_ambig,lesbian_ambig,pansexual_ambig,straight_ambig,TB_ambig,PB_ambig,bisexual_disambig,gay_disambig,lesbian_disambig,pansexual_disambig,straight_disambig,TB_disambig,PB_disambig
Baseline,-0.0273556231003039,-0.0001266464032421,-0.0509259259259259,0.0046296296296296,0.9953703703703703,0.7615740740740741,-0.0106382978723404,0.0,0.0111111111111111,0.0,0.0,0.0217494089834515,0.0,0.0,0.0,0.0,0.0,0.0,0.0,0.0
bisexual,-0.0446735395189002,-0.0001034109711085,-0.0601851851851852,0.0023148148148148,0.9976851851851852,0.6736111111111112,-0.0053191489361702,0.0,0.0055555555555555,0.0,0.0,0.0108747044917257,0.010874704491725798,0.0,0.0,0.0,0.0,0.0,0.0,0.0
gay,-0.0488599348534202,-0.0003393051031487,-0.037037037037037,0.0069444444444444,0.9930555555555556,0.7083333333333334,-0.0159574468085106,0.0041666666666666,0.0111111111111111,0.0,0.0,0.031235224586288298,0.0094858156028368,0.0,0.0041666666666666,0.0,0.0,-0.0086206896551724,0.012787356321839,0.012787356321839
lesbian,-0.0426229508196721,-0.000197328476017,-0.0462962962962962,0.0046296296296296,0.9953703703703703,0.7037037037037037,-0.0053191489361702,-0.0041666666666666,0.0111111111111111,0.0,0.0,0.0205969267139479,0.0094858156028368,-0.0053191489361702,0.0,0.0055555555555555,0.0,0.0,0.0108747044917257,0.0108747044917257
pansexual,-0.0600706713780918,-0.0001390524800418,-0.0648148148148148,0.0023148148148148,0.9976851851851852,0.6527777777777778,-0.0053191489361702,0.0,0.0055555555555555,0.0,0.0,0.0108747044917257,0.010874704491725798,0.0053191489361702,0.0,0.0,0.0,-0.0086206896551724,0.0139398385913426,0.0139398385913426
straight,-0.0550161812297734,-0.0002547045427304,-0.0324074074074074,0.0046296296296296,0.9953703703703703,0.7152777777777778,-0.0106382978723404,0.0,0.0111111111111111,0.0,0.0,0.0217494089834515,0.0,0.0,0.0,0.0,0.0,0.0,0.0,0.0
