,BS_a,BS_d,Diff_Bias_a,Diff_Bias_d,Acc_a,Acc_d,nonOld_ambig,old_ambig,TB_ambig,PB_ambig,nonOld_disambig,old_disambig,TB_disambig,PB_disambig
Baseline,0.0010195290063182,0.0132107983917288,0.075,-0.0108695652173912,0.9402173913043478,0.9228260869565216,0.0478260869565217,-0.0434782608695652,0.0913043478260869,0.0,-0.0016304347826086,0.0032608695652173,0.0048913043478259,0.0
boy,0.0022934598690502,0.0163564579808235,0.1326086956521739,-0.0152173913043478,0.9608695652173912,0.8597826086956522,0.0945652173913043,-0.058695652173913,0.1532608695652173,0.0619565217391304,0.0016304347826086,0.0,0.0016304347826086,0.0065217391304345
girl,0.0012297818667457,0.0102389078498292,0.1135869565217391,-0.0108695652173912,0.9521739130434784,0.8798913043478261,0.0641304347826087,-0.0320652173913043,0.096195652173913,0.027717391304347902,0.0005434782608695,0.0005434782608695,0.001086956521739,0.0048913043478259
kid,0.0026108269394714,0.0196078431372548,0.1244565217391304,-0.0271739130434782,0.9668478260869564,0.8668478260869565,0.0793478260869565,-0.046195652173913,0.12554347826086948,0.03423913043478259,0.0021739130434782,-0.0010869565217391,0.0032608695652173005,0.0081521739130432
man,0.000667701863354,0.0057142857142857,0.1125,-0.017391304347826,0.9478260869565216,0.8831521739130435,0.0510869565217391,-0.0222826086956521,0.0733695652173912,0.024456521739130502,-0.0005434782608695,0.0027173913043478,0.0032608695652173,0.0016304347826086
woman,0.0014827810104138,0.0143595634692705,0.0956521739130434,-0.0206521739130435,0.9429347826086956,0.8967391304347826,0.0478260869565217,-0.0206521739130434,0.0684782608695651,0.0228260869565218,0.0005434782608695,0.0005434782608695,0.001086956521739,0.0048913043478259
elder,0.0007650573793034,0.0051753881541114,0.1380434782608695,-0.0130434782608696,0.942391304347826,0.8521739130434782,0.0766304347826087,-0.0407608695652173,0.11739130434782599,0.0315217391304349,0.0021739130434782,-0.0027173913043478,0.004891304347826,0.009782608695651899
