Model,Polarity_ambig,Polarity_disambig,Amount_ambig,Amount_disambig,BS_ambig,BS_disambig,Acc_ambig,Acc_disambig
meta-llama/Llama-2-7b-chat-hf,0.6656017130542001,0.4431928783653973,7.798751268034217,4.998639640438007,0.0165864540153164,0.0211480362537763,0.4546511627906976,0.2156976744186046
meta-llama/Llama-2-70b-chat-hf,0.5668791154620267,0.2040689321227225,6.673306870027698,3.101215621934404,0.0085765405058523,0.0125974805038993,0.751453488372093,0.3191860465116279
gpt-3.5-turbo-0613,0.4384091284767993,0.1291751501596494,4.17588713674549,0.5124860804653041,0.0086781577838153,0.0241725774665431,0.943779069767442,0.6419186046511628
gpt-4-1106-preview,0.0019268466541921,0.0,0.0019268466541921,0.0,3.6890567819618043e-07,0.0012690355329949,0.916279069767442,0.9997093023255814
