Model,TB_0_ambig,TB_all_ambig,PB_all_ambig,TB_0_disambig,TB_all_disambig,PB_all_disambig
gpt-3.5-turbo-0613,0.4384091284767993,0.5164481790434864,0.5132180124599475,0.1291751501596494,0.17596965148725618,0.15479743416956424
gpt-4-1106-preview,0.0019268466541921,0.009054399897018842,0.009914939444045706,0.0,0.008742292635566732,0.009325112144604514
meta-llama/Llama-2-70b-chat-hf,0.5668791154620267,0.6037731548515815,0.7459472864967708,0.2040689321227225,0.3606858720605016,0.4194642250956492
