Model,Polarity_ambig,Polarity_disambig,Amount_ambig,Amount_disambig,BS_ambig,BS_disambig,Acc_ambig,Acc_disambig
meta-llama/Llama-2-7b-chat-hf,0.5785281682311402,0.5502923726148246,3.9900491477319457,2.434110099521382,0.0165864540153164,0.0211480362537763,0.4546511627906976,0.2156976744186046
meta-llama/Llama-2-70b-chat-hf,0.3871736982544181,0.2981626443735368,3.2157438510256,1.5252824001092222,0.0085765405058523,0.0125974805038993,0.751453488372093,0.3191860465116279
gpt-3.5-turbo-0613,0.3860814409151987,0.1060529701050379,1.9535511854119147,0.216596030183901,0.0086781577838153,0.0241725774665431,0.943779069767442,0.6419186046511628
gpt-4-1106-preview,0.000968992248062,0.0,0.000968992248062,0.0,3.6890567819618043e-07,0.0012690355329949,0.916279069767442,0.9997093023255814
