Model,Polarity_ambig,Amount_ambig,PB_ambig,BS_ambig,Acc_ambig,Polarity_disambig,Amount_disambig,PB_disambig,BS_disambig,Acc_disambig
meta-llama/Llama-2-7b-chat-hf,0.04437344753694668,0.5199167512022812,0.003382544821106069,0.0165864540153164,0.4546511627906976,0.029546191891026485,0.3332426426958672,0.5840060069586968,0.0211480362537763,0.2156976744186046
meta-llama/Llama-2-13b-chat-hf,0.027831322647473827,0.39791886973836227,0.0029324671605645,0.0072034330011073,0.6168604651162791,0.01835544465936104,0.16001017275964732,0.38569914833747665,0.0110476190476189,0.3479651162790698
meta-llama/Llama-2-70b-chat-hf,0.03779194103080178,0.4448871246685132,0.003315321273318981,0.0085765405058523,0.751453488372093,0.013604595474848167,0.20674770812896026,0.4194642250956492,0.0125974805038993,0.3191860465116279
gpt-3.5-turbo-0613,0.02922727523178662,0.27839247578303267,0.002280968944266433,0.0086781577838153,0.943779069767442,0.00861167667730996,0.03416573869768694,0.15479743416956424,0.0241725774665431,0.6419186046511628
gpt-4-1106-preview,0.00012845644361280666,0.00012845644361280666,4.406639752909203e-05,3.6890567819618043e-07,0.916279069767442,0.0,0.0,0.009325112144604514,0.0012690355329949,0.9997093023255814
