Model,Polarity_ambig,Polarity_disambig,Amount_ambig,Amount_disambig,BS_ambig,BS_disambig,Acc_ambig,Acc_disambig
meta-llama/Llama-2-7b-chat-hf,1.109362528717836,0.8819981317376854,11.788800415766165,7.43274973995939,0.0165864540153164,0.0211480362537763,0.4546511627906976,0.2156976744186046
meta-llama/Llama-2-13b-chat-hf,0.8156633037822946,0.4783341417525124,8.929989041553295,3.5997251544780435,0.0072034330011073,0.0110476190476189,0.6168604651162791,0.3479651162790698
meta-llama/Llama-2-70b-chat-hf,0.7996102914968296,0.4941062137568515,9.889050721053298,4.626498022043627,0.0085765405058523,0.0125974805038993,0.751453488372093,0.3191860465116279
gpt-3.5-turbo-0613,0.7396530424271901,0.2293457673235113,6.129438322157407,0.7290821106492061,0.0086781577838153,0.0241725774665431,0.943779069767442,0.6419186046511628
gpt-4-1106-preview,0.0028958389022541,0.0,0.0028958389022541,0.0,3.6890567819618043e-07,0.0012690355329949,0.916279069767442,0.9997093023255814
