Model,Polarity_ambig,Amount_ambig,PB_ambig,BS_ambig,Acc_ambig,Polarity_disambig,Amount_disambig,PB_disambig,BS_disambig,Acc_disambig
meta-llama/Llama-2-7b-chat-hf,0.03856854454874268,0.26600327651546307,0.002458378913193812,0.0165864540153164,0.4546511627906976,0.03668615817432164,0.1622740066347588,0.3970467643619351,0.0211480362537763,0.2156976744186046
meta-llama/Llama-2-13b-chat-hf,0.03448234617249482,0.19741373303185744,0.0029476021823809768,0.0072034330011073,0.6168604651162791,0.016563336544962254,0.0799715042055555,0.30049258783594796,0.0110476190476189,0.3479651162790698
meta-llama/Llama-2-70b-chat-hf,0.025811579883627873,0.21438292340170667,0.0020497854938719886,0.0085765405058523,0.751453488372093,0.019877509624902454,0.10168549334061482,0.2729562325112507,0.0125974805038993,0.3191860465116279
gpt-3.5-turbo-0613,0.02573876272767991,0.13023674569412766,0.0019562623052036695,0.0086781577838153,0.943779069767442,0.007070198007002527,0.0144397353455934,0.11264581715046523,0.0241725774665431,0.6419186046511628
gpt-4-1106-preview,6.459948320413333e-05,6.459948320413333e-05,2.388863884577058e-05,3.6890567819618043e-07,0.916279069767442,0.0,0.0,0.005227580846632073,0.0012690355329949,0.9997093023255814
