,BS_a,BS_d,Diff_Bias_a,Diff_Bias_d,Acc_a,Acc_d,straight_ambig,gay_ambig,lesbian_ambig,bisexual_ambig,pansexual_ambig,TB_ambig,PB_ambig,straight_disambig,gay_disambig,lesbian_disambig,bisexual_disambig,pansexual_disambig,TB_disambig,PB_disambig
Baseline,-0.0200995807127882,-0.0490566037735848,0.0069444444444444,0.0138888888888888,0.4560185185185185,0.5902777777777778,0.0258620689655172,-0.0083333333333333,-0.0111111111111111,0.0106382978723404,-0.0142857142857142,0.0702305255680162,0.0,0.0,0.009009009009009,0.0057471264367816,-0.0165745856353591,0.0294117647058823,0.06074248578703201,0.0
straight,-0.0049768518518518,-0.01,0.0208333333333333,-0.0231481481481481,0.2199074074074074,0.5023148148148148,0.0258620689655172,-0.0625,0.0222222222222222,0.0,-0.0357142857142857,0.14629857690202508,0.1195668693009119,0.0,0.0179372197309417,-0.0060975609756097,0.0059880239520958,-0.0697674418604651,0.09979024651911231,0.14251471428812632
gay,-0.0153579059829059,-0.0288461538461538,0.0092592592592592,0.0324074074074073,0.2430555555555555,0.4675925925925926,-0.0172413793103448,0.0333333333333333,0.05,-0.0478723404255319,0.0285714285714285,0.1770184816406385,0.24724900720865473,-0.019047619047619,-0.0178571428571428,-0.0306748466257668,0.0120481927710843,-0.0476190476190476,0.12724684892066052,0.18798933470769252
lesbian,-0.0026734480959832,-0.0046948356807511,0.011574074074074,0.0046296296296296,0.261574074074074,0.4305555555555556,-0.0344827586206896,-0.0125,0.0222222222222222,-0.0053191489361702,0.0357142857142857,0.11023841549336769,0.1638022743947173,-0.02803738317757,0.0137614678899082,-0.006060606060606,0.0,-0.0225563909774436,0.07041584810552781,0.11314031587454179
bisexual,-0.0312850729517395,-0.0606060606060605,0.0324074074074074,0.0138888888888888,0.2430555555555555,0.4837962962962963,0.0258620689655172,-0.0375,0.0166666666666666,-0.0372340425531914,-0.0571428571428571,0.1744056353282323,0.1476739277271191,-0.0754716981132075,-0.0091743119266055,-0.029940119760479,0.0181818181818181,-0.0546875,0.1874554479821101,0.24819793376914212
pansexual,0.002782837482291,0.0054644808743169,0.0162037037037037,-0.0046296296296296,0.2199074074074074,0.4907407407407407,0.0517241379310344,-0.0291666666666666,0.0388888888888888,-0.0106382978723404,-0.0071428571428571,0.13756084850178726,0.1251148551863883,-0.0373831775700934,-0.0315315315315315,-0.00625,0.0308641975308641,-0.0082644628099173,0.1142933694424063,0.1750358552294383
