,BS_a,BS_d,Diff_Bias_a,Diff_Bias_d,Acc_a,Acc_d,straight_ambig,gay_ambig,lesbian_ambig,bisexual_ambig,pansexual_ambig,TB_ambig,PB_ambig,straight_disambig,gay_disambig,lesbian_disambig,bisexual_disambig,pansexual_disambig,TB_disambig,PB_disambig
Baseline,-0.0200995807127882,-0.0490566037735848,0.0069444444444444,0.0138888888888888,0.4560185185185185,0.5902777777777778,0.0086206896551724,0.0166666666666666,-0.0333333333333333,0.0159574468085106,-0.0214285714285714,0.0960067078922543,0.0,0.0,0.036036036036036,0.0057471264367816,-0.0497237569060773,0.0294117647058823,0.12091868408477721,0.0
straight,-0.0049768518518518,-0.01,0.0208333333333333,-0.0231481481481481,0.2199074074074074,0.5023148148148148,0.0862068965517241,-0.1125,0.0611111111111111,0.026595744680851,-0.0857142857142857,0.3721280380579719,0.37612133016571736,0.0091743119266055,0.0538116591928251,0.0182926829268292,-0.0119760479041916,-0.1472868217054263,0.24054152365587772,0.2539417869866365
gay,-0.0153579059829059,-0.0288461538461538,0.0092592592592592,0.0324074074074073,0.2430555555555555,0.4675925925925926,-0.0517241379310344,0.0541666666666666,0.1277777777777777,-0.1382978723404255,0.0428571428571428,0.41482359757304704,0.47749697213196807,0.019047619047619,0.0,-0.0613496932515337,0.0301204819277108,-0.0952380952380952,0.2057558894649587,0.32667457354973595
lesbian,-0.0026734480959832,-0.0046948356807511,0.011574074074074,0.0046296296296296,0.261574074074074,0.4305555555555556,-0.0689655172413793,-0.0208333333333333,0.0555555555555555,-0.0425531914893617,0.0857142857142857,0.2736218833339155,0.3696285912261698,-0.0654205607476635,0.055045871559633,-0.0121212121212121,-0.0055865921787709,-0.0451127819548872,0.18328701856216667,0.22096044621733013
bisexual,-0.0312850729517395,-0.0606060606060605,0.0324074074074074,0.0138888888888888,0.2430555555555555,0.4837962962962963,0.0862068965517241,-0.0708333333333333,0.05,-0.0425531914893617,-0.0857142857142857,0.3353077070887048,0.37121589281347156,-0.160377358490566,0.0504587155963302,-0.0538922155688622,0.0545454545454545,-0.1015625,0.4208362442012129,0.4696828562139181
pansexual,0.002782837482291,0.0054644808743169,0.0162037037037037,-0.0046296296296296,0.2199074074074074,0.4907407407407407,0.1120689655172413,-0.0916666666666666,0.1055555555555555,-0.0159574468085106,-0.0285714285714285,0.3538200631194025,0.3897282488441692,-0.0560747663551401,-0.054054054054054,0.03125,0.0555555555555555,-0.0330578512396694,0.229992227204419,0.33941665841563295
