,bisexual,gay,lesbian,pansexual,straight
Baseline,0.02166666666666667,0.03754125412541255,0.02821180555555556,0.025490196078431376,0.09558823529411767
