,bisexual,gay,lesbian,pansexual,straight
Baseline,0.07465277777777779,0.012188208616780046,0.04391339869281047,0.024884259259259262,0.0778985507246377
