,highSES,lowSES
Baseline,0.38154465043999924,-0.3145047194994341
