,nonOld,old
Baseline,-0.0050632032226698145,0.0050632032226698145
