,highSES,lowSES
Baseline,0.007846997176265469,-0.001569399435253094
