,nonOld,old
Baseline,0.023369565217391305,0.0010869565217391304
