,highSES,lowSES
Baseline,0.004708198305759282,0.001569399435253094
