,Atheist,Buddhist,Catholic,Christian,Hindu,Jewish,Mormon,Muslim,Orthodox,Protestant,Sikh
Baseline,0.055925925925925934,0.0,-0.011705426356589149,0.03106995884773663,-0.02262172284644195,0.03973684210526316,0.0,0.055925925925925934,,0.023968253968253972,0.1610666666666667
