,Atheist,Buddhist,Catholic,Christian,Hindu,Jewish,Mormon,Muslim,Orthodox,Protestant,Sikh
Baseline,-0.0082183908045977,0.19861111111111107,0.05017543859649121,0.04205882352941176,-0.2118518518518518,0.0082183908045977,-0.0662037037037037,0.032499999999999994,,0.07944444444444443,0.03404761904761904
