,highSES,lowSES
Baseline,0.14952819379352147,-0.0824882628529563
