,highSES,lowSES
Baseline,0.003138798870506188,-0.003138798870506188
