,bisexual,gay,lesbian,pansexual,straight
Baseline,-0.036111111111111115,0.01608910891089109,0.0,-0.006372549019607844,0.03186274509803922
