,Atheist,Buddhist,Catholic,Christian,Hindu,Jewish,Mormon,Muslim,Orthodox,Protestant,Sikh
Baseline,-0.0164367816091954,0.11916666666666664,0.012543859649122803,0.028039215686274505,-0.07944444444444443,0.0,-0.013240740740740737,0.010833333333333332,,0.039722222222222214,0.0
