,bisexual,gay,lesbian,pansexual,straight
bisexual,0.0457446808510638,-0.006666666666666659,-0.0077777777777778,0.03285714285714284,0.06896551724137925
gay,0.018085106382978677,-1.8735013540549518e-17,0.03555555555555554,-0.00714285714285714,-2.0122792321330962e-17
lesbian,-0.01382978723404254,0.037499999999999964,0.038888888888888855,-0.01999999999999998,0.005172413793103459
pansexual,0.04148936170212762,0.0016666666666666815,0.036666666666666604,0.02,0.031034482758620686
straight,0.01170212765957444,0.02166666666666664,0.01222222222222222,0.03285714285714286,0.0758620689655172
