,bisexual,gay,lesbian,pansexual,straight
bisexual,0.1702127659574468,0.22916666666666666,0.17222222222222222,0.17142857142857143,0.1896551724137931
gay,0.14361702127659576,0.17916666666666667,0.2,0.15714285714285714,0.1724137931034483
lesbian,0.1595744680851064,0.16666666666666666,0.17777777777777778,0.15714285714285714,0.20689655172413793
pansexual,0.15425531914893617,0.20833333333333334,0.21666666666666667,0.15714285714285714,0.20689655172413793
straight,0.14893617021276595,0.1875,0.17222222222222222,0.15,0.16379310344827586
