,bisexual,gay,lesbian,pansexual,straight
bisexual,0.11475409836065574,0.09913793103448276,0.07303370786516854,0.09420289855072464,0.10619469026548672
gay,0.0783132530120482,0.09302325581395349,0.11834319526627218,0.07575757575757576,0.11
lesbian,0.06432748538011696,0.09216589861751152,0.14201183431952663,0.09022556390977443,0.0660377358490566
pansexual,0.08743169398907104,0.09606986899563319,0.11299435028248588,0.0948905109489051,0.09821428571428571
straight,0.06666666666666667,0.10900473933649289,0.10240963855421686,0.08333333333333333,0.09259259259259259
