,bisexual,gay,lesbian,pansexual,straight
bisexual,0.03278688524590164,-0.021551724137931036,-0.0056179775280898875,-0.028985507246376812,0.035398230088495575
gay,-0.006024096385542169,-0.013953488372093023,0.011834319526627219,-0.015151515151515152,0.04
lesbian,-0.023391812865497075,0.018433179723502304,0.03550295857988166,-0.045112781954887216,0.0
pansexual,0.0273224043715847,-0.026200873362445413,0.005649717514124294,-0.014598540145985401,0.017857142857142856
straight,-0.024242424242424242,0.004739336492890996,0.018072289156626505,-0.03787878787878788,0.046296296296296294
