,bisexual,gay,lesbian,pansexual,straight
bisexual,0.05851063829787234,-0.06666666666666667,-0.10555555555555556,0.17857142857142858,0.07758620689655173
gay,-0.11702127659574468,0.016666666666666666,0.011111111111111112,0.04285714285714286,0.09482758620689655
lesbian,0.09042553191489362,-0.075,-0.016666666666666666,0.09285714285714286,0.008620689655172414
pansexual,0.10106382978723404,-0.06666666666666667,0.07222222222222222,0.3,-0.1896551724137931
straight,0.010638297872340425,-0.041666666666666664,0.011111111111111112,0.03571428571428571,0.1724137931034483
