,highSES,lowSES
Baseline,0.06818181818181818,0.0777972027972028
