,bisexual,gay,lesbian,pansexual,straight
Baseline,0.5053191489361702,0.4583333333333333,0.5333333333333333,0.5357142857142857,0.5603448275862069
