,Atheist,Buddhist,Catholic,Christian,Hindu,Jewish,Mormon,Muslim,Orthodox,Protestant,Sikh
Baseline,0.2777777777777778,0.2857142857142857,0.23484848484848486,0.1282051282051282,0.2727272727272727,0.25,0.21212121212121213,0.1951219512195122,,0.25,0.19444444444444445
