,Atheist,Buddhist,Catholic,Christian,Hindu,Jewish,Mormon,Muslim,Orthodox,Protestant,Sikh
Baseline,0.375,0.42857142857142855,0.3484848484848485,0.1987179487179487,0.45454545454545453,0.34285714285714286,0.3560606060606061,0.2804878048780488,,0.3611111111111111,0.3194444444444444
