,highSES,lowSES
Baseline,-0.002913752913752914,-0.006118881118881119
