,Atheist,Buddhist,Catholic,Christian,Hindu,Jewish,Mormon,Muslim,Orthodox,Protestant,Sikh
Baseline,0.1111111111111111,0.10714285714285714,0.10606060606060606,0.03205128205128205,0.07575757575757576,0.03571428571428571,0.03787878787878788,0.06707317073170732,,0.08333333333333333,0.05555555555555555
