,nonOld,old
Baseline,0.4146739130434783,0.4494565217391304
