,nonOld,old
Baseline,0.023369565217391305,0.03315217391304348
