,nonOld,old
Baseline,0.026630434782608695,0.029891304347826088
