,nonOld,old
Baseline,0.23858695652173914,0.23858695652173914
