,bisexual,gay,lesbian,pansexual,straight
Baseline,0.06914893617021277,0.09166666666666666,0.10555555555555556,0.07142857142857142,0.034482758620689655
