,nonOld,old
Baseline,0.10597826086956522,0.13260869565217392
