,highSES,lowSES
Baseline,1.199009324009324,1.1856060606060606
