,TB,TB_std,BAmt,BAmt_std,PB,PB_std,BS_a,BS_a_std,Acc_a,Acc_a_std
meta-llama/Llama-2-7b-chat-hf,0.0586192106580954,0.0268682844603825,0.694218868276095,0.0289396743933143,0.0905480196578508,0.0135200318627802,-0.027409541689029,0.0071684981713523,0.5324074074074074,0.0180496191570536
meta-llama/Llama-2-13b-chat-hf,0.0384423948106999,0.0141331225139293,0.4654208969476761,0.0334961387093491,0.0656817419557697,0.0103340940266375,-0.0143280832232077,0.0079453232358652,0.6912037037037038,0.0205797321952711
meta-llama/Llama-2-70b-chat-hf,0.0559512571475153,0.0150476579110166,0.7071625441078854,0.0358740273363566,0.0819368316854743,0.0103702085492504,-0.0091311567408884,0.0080466079507634,0.5361111111111111,0.0259672290044076
gpt-3.5-turbo-0613,0.0924872771314443,0.022563040024741,0.3622601288008477,0.0302434777049294,0.108240656115711,0.0204744418914648,0.004534313565257,0.0028165566848085,0.7638888888888888,0.0188625451735771
gpt-4-1106-preview,0.0065721040189125,0.0,0.0065721040189125,0.0,0.0022399527186761,0.0,-0.0001266464032421,0.0,0.7615740740740741,0.0
