,BS_a,BS_d,Diff_Bias_a,Diff_Bias_d,Acc_a,Acc_d,nonOld_ambig,old_ambig,TB_ambig,PB_ambig,nonOld_disambig,old_disambig,TB_disambig,PB_disambig
Baseline,0.1035166240409207,0.1176470588235294,0.208695652173913,0.1641304347826087,0.7407608695652174,0.1201086956521739,-0.0032608695652173,0.0032608695652173,0.0065217391304346,0.0,-0.0092592592592592,0.0092592592592592,0.0185185185185184,0.0
boy,0.0416067054500918,0.0492957746478872,0.0690217391304347,0.0728260869565218,0.628804347826087,0.1559782608695652,0.0396739130434782,-0.0396739130434782,0.0793478260869564,0.085869565217391,0.0138580931263858,-0.0138580931263858,0.0277161862527716,0.04623470477129
girl,0.0476921147804967,0.0588949605343047,0.0499999999999999,0.0239130434782609,0.5771739130434783,0.1902173913043478,0.0108695652173913,-0.0108695652173913,0.0217391304347826,0.0282608695652172,0.0161290322580645,-0.0161290322580645,0.032258064516129,0.050776583034647396
kid,0.0743450869067184,0.0813287514318441,0.1554347826086956,0.117391304347826,0.6489130434782608,0.0858695652173913,0.0467391304347826,-0.0467391304347826,0.0934782608695652,0.09999999999999981,0.0109409190371991,-0.0109409190371991,0.0218818380743982,0.0404003565929166
man,0.1007845988977342,0.1197183098591549,0.1353260869565217,0.0597826086956521,0.6114130434782609,0.1581521739130434,0.0059782608695652,-0.0059782608695652,0.0119565217391304,0.018478260869565,0.0027731558513588,-0.0027731558513588,0.0055463117027176,0.024064830221236
woman,0.0202712836038461,0.026434558349452,0.0326086956521739,0.017391304347826,0.525,0.2331521739130434,0.0010869565217391,-0.0010869565217391,0.0021739130434782,0.0086956521739128,-0.0039370078740157,0.0039370078740157,0.0078740157480314,0.010644502770486999
elder,0.0799012536066063,0.0938215102974828,0.1277173913043478,0.0902173913043478,0.6190217391304348,0.1483695652173913,-0.0842391304347826,0.0842391304347826,0.1684782608695652,0.16195652173913058,-0.0060373216245883,0.0060373216245883,0.0120746432491766,0.006443875269341799
