,highSES,lowSES
Baseline,0.03299046717924886,-0.04359863120201812
