,nonOld,old
Baseline,0.1950524912233324,-0.10978508255854322
