,bisexual,gay,lesbian,pansexual,straight
Baseline,0.10599381920653847,-0.06532327139727122,0.04536476469346836,0.05062306067208024,0.17723394902944012
