,nonOld,old
Baseline,0.04620891104749666,0.011083787307096481
