,bisexual,gay,lesbian,pansexual,straight
Baseline,-0.03595786929120258,-0.04194095432053658,0.05217443458865022,-0.08353575436908765,0.08985339506172833
