,bisexual,gay,lesbian,pansexual,straight
Baseline,0.0191390399723733,-0.011059111647879741,0.13768346690528058,-0.061739752017529806,0.19662247474747468
