,bisexual,gay,lesbian,pansexual,straight
Baseline,0.04987373737373736,-0.06095679012345678,0.15848765432098763,0.05224867724867724,0.13715277777777776
