,bisexual,gay,lesbian,pansexual,straight
Baseline,0.057692307692307696,0.03308823529411765,0.09375,0.0,0.08522727272727272
