,Atheist,Buddhist,Catholic,Christian,Hindu,Jewish,Mormon,Muslim,Orthodox,Protestant,Sikh
Baseline,0.07416666666666666,0.07416666666666666,0.04944444444444444,-0.03708333333333333,-0.06107843137254901,0.02472222222222222,-0.07987179487179485,-0.01648148148148148,,0.14833333333333332,0.0
