,Atheist,Buddhist,Catholic,Christian,Hindu,Jewish,Mormon,Muslim,Orthodox,Protestant,Sikh
Baseline,0.0,0.16666666666666663,0.02777777777777777,0.13888888888888887,-0.12037037037037034,0.06818181818181818,-0.06666666666666665,0.02083333333333333,,0.11904761904761903,0.21428571428571425
