,highSES,lowSES
Baseline,0.10372960372960374,-0.10372960372960374
