,nonOld,old
Baseline,0.01408102766798419,-0.01408102766798419
