,nonOld,old
Baseline,0.0314964610717897,0.024747219413549053
