,highSES,lowSES
Baseline,0.10236561803319295,0.0011665597496660165
