,bisexual,gay,lesbian,pansexual,straight
Baseline,0.08621121121121121,-0.0701058201058201,0.04543895747599451,0.052048260381593714,0.18811728395061728
