,Atheist,Buddhist,Catholic,Christian,Hindu,Jewish,Mormon,Muslim,Orthodox,Protestant,Sikh
Baseline,0.029756097560975615,0.08318181818181819,0.04518518518518519,0.07138297872340427,-0.09037037037037038,0.11437500000000002,0.03388888888888889,0.055454545454545465,,0.02541666666666667,0.15913043478260872
