,nonOld,old
Baseline,0.12525510204081636,-0.12525510204081636
