,nonOld,old
Baseline,0.22437000887311448,-0.15139529724933454
