,nonOld,old
Baseline,0.10357697426796807,-0.10357697426796807
