,highSES,lowSES
Baseline,0.04151988362514682,-0.051899854531433524
