,highSES,lowSES
Baseline,0.010379970906286704,-0.02075994181257341
