,nonOld,old
Baseline,0.09703956251687822,-0.00981298946799892
