,bisexual,gay,lesbian,pansexual,straight
Baseline,-0.016025641025641028,-0.0815217391304348,0.034722222222222224,-0.034722222222222224,0.10416666666666669
