,bisexual,gay,lesbian,pansexual,straight
Baseline,0.06410256410256411,0.009057971014492756,0.07812500000000001,0.034722222222222224,0.13020833333333337
