,bisexual,gay,lesbian,pansexual,straight
Baseline,-0.014423076923076924,-0.03308823529411765,0.05357142857142857,-0.08522727272727272,0.08522727272727272
