,nonOld,old
Baseline,0.013670908448214922,-0.013670908448214922
