,Atheist,Buddhist,Catholic,Christian,Hindu,Jewish,Mormon,Muslim,Orthodox,Protestant,Sikh
Baseline,0.03200000000000001,0.21333333333333337,0.11200000000000002,0.04571428571428572,-0.13333333333333336,-0.010666666666666668,-0.01142857142857143,-0.06000000000000001,,0.08000000000000002,0.22000000000000003
