,nonOld,old
Baseline,0.050848155467720695,0.008605072463768116
