,highSES,lowSES
Baseline,0.2035646763167199,-0.10003249853386093
