,bisexual,gay,lesbian,pansexual,straight
Baseline,-0.013888888888888892,0.07812500000000001,0.16927083333333337,-0.2546296296296297,0.18229166666666669
