,Atheist,Buddhist,Catholic,Christian,Hindu,Jewish,Mormon,Muslim,Orthodox,Protestant,Sikh
Baseline,0.05403508771929824,0.14666666666666667,0.048888888888888885,0.031711711711711714,-0.07333333333333333,0.0838095238095238,0.004888888888888889,0.04756756756756757,,0.05587301587301587,0.13894736842105262
