,nonOld,old
Baseline,0.10685255198487714,-0.10685255198487714
