,bisexual,gay,lesbian,pansexual,straight
Baseline,0.040684624017957347,-0.09230324074074073,-0.05163817663817664,0.06102693602693602,0.1304232804232804
