,bisexual,gay,lesbian,pansexual,straight
Baseline,0.0662202380952381,0.02102229780801209,0.061805555555555544,0.030296840958605662,0.07630315500685869
