,Atheist,Buddhist,Catholic,Christian,Hindu,Jewish,Mormon,Muslim,Orthodox,Protestant,Sikh
Baseline,0.05,0.13333333333333336,0.01153846153846154,0.06666666666666668,-0.13728813559322037,0.0,-0.06000000000000001,0.007692307692307694,,0.036000000000000004,0.17368421052631583
