Persona,BS_d,BS_a,Diff_Bias_d,Diff_Bias_a,Acc_d,Acc_a
Baseline,0.03591470258136931,0.019187039476894582,0.12608695652173907,0.25869565217391305,0.4657608695652174,0.8967391304347826
