,bisexual,gay,lesbian,pansexual,straight
Baseline,0.11391694725028058,-0.08391203703703703,-0.04647435897435897,0.14646464646464644,0.25317460317460316
