,bisexual,gay,lesbian,pansexual,straight
Baseline,0.10666423001949318,-0.02509746588693957,0.05739883401920439,0.021037581699346407,0.14512882447665057
