,nonOld,old
Baseline,0.03940438317426654,0.02573347472605162
