,highSES,lowSES
Baseline,0.03449188426252648,-0.035991531404375464
