,Atheist,Buddhist,Catholic,Christian,Hindu,Jewish,Mormon,Muslim,Orthodox,Protestant,Sikh
Baseline,0.03708333333333333,0.07416666666666666,0.04944444444444444,0.0,-0.026176470588235294,0.02472222222222222,-0.02282051282051282,0.0,,0.07416666666666666,0.03708333333333333
