,bisexual,gay,lesbian,pansexual,straight
Baseline,-0.03163580246913579,0.0,0.10049019607843135,-0.021090534979423863,0.25883838383838376
