,nonOld,old
Baseline,0.009519635343618509,-0.009519635343618509
