,Atheist,Buddhist,Catholic,Christian,Hindu,Jewish,Mormon,Muslim,Orthodox,Protestant,Sikh
Baseline,0.021333333333333336,0.053333333333333344,0.04800000000000001,0.06857142857142857,-0.04444444444444445,0.0,0.01142857142857143,-0.020000000000000004,,0.026666666666666672,0.10000000000000002
