,Atheist,Buddhist,Catholic,Christian,Hindu,Jewish,Mormon,Muslim,Orthodox,Protestant,Sikh
Baseline,-0.012142857142857144,0.25500000000000006,0.17000000000000004,0.02833333333333334,-0.08500000000000002,0.06071428571428573,-0.12466666666666669,0.04250000000000001,,0.10625000000000002,0.17000000000000004
