,nonOld,old
Baseline,0.15869565217391304,-0.07771739130434784
