,Atheist,Buddhist,Catholic,Christian,Hindu,Jewish,Mormon,Muslim,Orthodox,Protestant,Sikh
Baseline,0.04512820512820511,-0.03666666666666665,0.1466666666666666,-0.043999999999999984,-0.1008333333333333,0.1466666666666666,-0.07897435897435894,0.013333333333333329,,0.0733333333333333,0.0733333333333333
