,bisexual,gay,lesbian,pansexual,straight
Baseline,0.1275252525252525,-0.09704751921733054,0.057150205761316866,0.02750544662309368,0.17003367003367004
