,bisexual,gay,lesbian,pansexual,straight
Baseline,-0.06944444444444445,0.017361111111111112,0.07812500000000001,-0.20833333333333337,0.07812500000000001
