,Atheist,Buddhist,Catholic,Christian,Hindu,Jewish,Mormon,Muslim,Orthodox,Protestant,Sikh
Baseline,0.03719512195121952,0.16636363636363638,0.09037037037037038,0.11680851063829789,-0.25981481481481483,0.22875000000000004,0.02904761904761905,0.009242424242424245,,0.05083333333333334,0.27847826086956523
