,highSES,lowSES
Baseline,0.023515699986288226,-0.023515699986288226
