,highSES,lowSES
Baseline,0.031139912718860116,-0.031139912718860116
