,nonOld,old
Baseline,0.053075291622481466,0.012062566277836697
