,nonOld,old
Baseline,0.03468919836956522,0.020168138586956524
