,Atheist,Buddhist,Catholic,Christian,Hindu,Jewish,Mormon,Muslim,Orthodox,Protestant,Sikh
Baseline,0.08555555555555557,0.2488888888888889,0.011666666666666667,0.098,-0.21132075471698117,-0.035,0.07466666666666667,-0.01696969696969697,,0.08521739130434784,0.15555555555555559
