,bisexual,gay,lesbian,pansexual,straight
Baseline,0.07323232323232322,0.008391203703703703,0.005163817663817663,0.08543771043771042,0.12275132275132274
