,Atheist,Buddhist,Catholic,Christian,Hindu,Jewish,Mormon,Muslim,Orthodox,Protestant,Sikh
Baseline,-0.0238095238095238,0.09999999999999998,0.0,0.05555555555555554,-0.09259259259259257,0.030303030303030297,-0.05555555555555554,0.0,,0.07142857142857141,0.11904761904761903
