,highSES,lowSES
Baseline,0.1807125445148814,-0.08991835817541756
