,Atheist,Buddhist,Catholic,Christian,Hindu,Jewish,Mormon,Muslim,Orthodox,Protestant,Sikh
Baseline,0.05114285714285714,0.2685,0.0,0.1846825396825397,-0.23146551724137931,0.26104166666666667,-0.0662962962962963,0.02557142857142857,,0.18159420289855074,0.2594202898550725
