,highSES,lowSES
Baseline,0.1841491841491841,-0.08245920745920744
