,highSES,lowSES
Baseline,0.01099741237355917,-0.012497059515408146
