,Atheist,Buddhist,Catholic,Christian,Hindu,Jewish,Mormon,Muslim,Orthodox,Protestant,Sikh
Baseline,0.012142857142857144,0.08500000000000002,0.07555555555555557,0.02833333333333334,-0.021250000000000005,0.036428571428571435,-0.022666666666666672,0.04250000000000001,,0.06375000000000001,0.05666666666666668
