,Atheist,Buddhist,Catholic,Christian,Hindu,Jewish,Mormon,Muslim,Orthodox,Protestant,Sikh
Baseline,0.11124999999999999,0.14833333333333332,0.09888888888888887,-0.03708333333333333,-0.08725490196078431,0.04944444444444444,-0.10269230769230768,-0.01648148148148148,,0.22249999999999998,0.03708333333333333
