,highSES,lowSES
Baseline,0.023494471888967316,-0.023494471888967316
