,highSES,lowSES
Baseline,0.10431235431235432,0.0005827505827505829
