,highSES,lowSES
Baseline,0.09021030089676632,-0.09021030089676632
