,bisexual,gay,lesbian,pansexual,straight
Baseline,0.09565145502645502,-0.050453514739229016,0.11331018518518518,0.006059368191721132,0.1297153635116598
