,bisexual,gay,lesbian,pansexual,straight
Baseline,0.055555555555555566,0.0607638888888889,0.09114583333333334,-0.0462962962962963,0.10416666666666669
