,nonOld,old
Baseline,0.014521059782608698,-0.014521059782608698
