,highSES,lowSES
Baseline,0.20891608391608396,-0.10664335664335665
