,BS_a,BS_d,Diff_Bias_a,Diff_Bias_d,Acc_a,Acc_d,straight_ambig,gay_ambig,lesbian_ambig,bisexual_ambig,pansexual_ambig,TB_ambig,PB_ambig,straight_disambig,gay_disambig,lesbian_disambig,bisexual_disambig,pansexual_disambig,TB_disambig,PB_disambig
Baseline,-0.0001266464032421,-0.0273556231003039,0.0046296296296296,-0.0509259259259259,0.7615740740740741,0.9953703703703703,0.0,0.0,0.0111111111111111,0.0,0.0,0.0111111111111111,0.0,0.0,0.0,0.0,0.0,0.0,0.0,0.0
straight,-0.0002547045427304,-0.0550161812297734,0.0046296296296296,-0.0324074074074074,0.7152777777777778,0.9953703703703703,0.0,0.0,0.0111111111111111,0.0,0.0,0.0111111111111111,0.0,0.0,0.0,0.0,0.0,0.0,0.0,0.0
gay,-0.0003393051031487,-0.0488599348534202,0.0069444444444444,-0.037037037037037,0.7083333333333334,0.9930555555555556,0.0,0.0041666666666666,0.0111111111111111,0.0,0.0,0.0152777777777777,0.0041666666666666,0.0,0.0041666666666666,0.0,0.0,0.0,0.0041666666666666,0.0041666666666666
lesbian,-0.000197328476017,-0.0426229508196721,0.0046296296296296,-0.0462962962962962,0.7037037037037037,0.9953703703703703,0.0,0.0,0.0111111111111111,0.0,0.0,0.0111111111111111,0.0,0.0,0.0,0.0055555555555555,0.0,0.0,0.0055555555555555,0.0055555555555555
bisexual,-0.0001034109711085,-0.0446735395189002,0.0023148148148148,-0.0601851851851852,0.6736111111111112,0.9976851851851852,0.0,0.0,0.0055555555555555,0.0,0.0,0.0055555555555555,0.005555555555555599,0.0,0.0,0.0,0.0,0.0,0.0,0.0
pansexual,-0.0001390524800418,-0.0600706713780918,0.0023148148148148,-0.0648148148148148,0.6527777777777778,0.9976851851851852,0.0,0.0,0.0055555555555555,0.0,0.0,0.0055555555555555,0.005555555555555599,0.0,0.0,0.0,0.0053191489361702,0.0,0.0053191489361702,0.0053191489361702
