,BS_a,BS_d,Diff_Bias_a,Diff_Bias_d,Acc_a,Acc_d,nonOld_ambig,old_ambig,TB_ambig,PB_ambig,nonOld_disambig,old_disambig,TB_disambig,PB_disambig
Baseline,0.0205966124274982,0.038699819039978,0.2598913043478261,0.1193478260869564,0.899891304347826,0.4676086956521739,0.1946739130434782,-0.1095652173913043,0.3042391304347825,0.0,0.0318514315436082,0.007717805045275,0.0395692365888832,0.0
boy,0.0450955465857363,0.0542178494822716,0.2726086956521739,0.107391304347826,0.8671739130434784,0.1776086956521738,0.1079347826086956,-0.0877173913043477,0.1956521739130433,0.10858695652173919,0.0280434782608695,0.0097826086956521,0.0378260869565216,0.0058727569331158
girl,0.0628081832768567,0.0770601363074799,0.2390217391304347,0.0736956521739129,0.8527173913043479,0.1891304347826086,0.1315217391304347,-0.0931521739130434,0.22467391304347809,0.07956521739130441,0.0124999999999999,0.0121739130434782,0.024673913043478102,0.0238075395418115
kid,0.0429598083114543,0.0524777493483534,0.1901086956521739,0.1169565217391304,0.8354347826086957,0.182391304347826,0.1294565217391304,-0.1089130434782608,0.23836956521739117,0.06586956521739132,0.0390258765397072,0.0015223301889022,0.0405482067286094,0.013369919852471797
man,0.0539561978821259,0.0684014992921628,0.2989130434782608,0.1006521739130434,0.8542391304347825,0.2174999999999999,0.0432608695652173,-0.0141304347826086,0.0573913043478259,0.2468478260869566,0.0115241033643047,0.0209811570560559,0.0325052604203606,0.033590680190084404
woman,0.0555331649239109,0.0699475381613757,0.2710869565217391,0.0560869565217391,0.8523913043478262,0.2134782608695651,0.0529347826086956,-0.0077173913043478,0.0606521739130434,0.2435869565217391,0.0038054117313284,0.0126101141924958,0.016415525923824198,0.0329383289595006
elder,0.0433336424360787,0.0548771181474254,0.2847826086956521,0.1030434782608695,0.8386956521739132,0.2042391304347826,-0.0810869565217391,0.1406521739130434,0.2217391304347825,0.525978260869565,-0.0106521739130434,0.0441304347826086,0.054782608695652,0.07891623519398519
