,bisexual,gay,lesbian,pansexual,straight
bisexual,0.10431134259259259,-0.04470486111111111,0.07088338338338339,0.05960648148148148,0.16506410256410256
gay,0.05815266485998193,0.027360352155434125,0.06537485065710871,0.05960648148148148,-0.023842592592592596
lesbian,-0.01870007262164125,-0.06922043010752689,0.22970302619692864,0.032512626262626264,-0.030764635603345282
pansexual,0.2073268921095008,-0.11921296296296297,0.09817538126361655,0.11220043572984749,0.0
straight,0.01324588477366255,-0.042075163398692814,0.08293075684380032,-0.06502525252525253,0.2509746588693957
