,TB,TB_std,BAmt,BAmt_std,PB,PB_std,BS_d,Acc_d
meta-llama/Llama-2-7b-chat-hf,0.0118006993006992,0.0061912964338216,0.5214160839160839,0.0053290621090244,0.0176990255115254,0.0007975997188531,0.0309938581854701,0.5384615384615384
meta-llama/Llama-2-13b-chat-hf,0.0097610722610721,0.0039308675883543,0.212558275058275,0.004588582677163,0.0137695059570058,0.0052770038106446,0.019125490099177,0.7977855477855478
meta-llama/Llama-2-70b-chat-hf,0.0087412587412586,0.0035686039376211,0.11013986013986,0.0031110367867223,0.0074563746438746,0.0008677276870007,0.0328277421039462,0.9207459207459208
gpt-3.5-turbo-0613,0.0235139860139859,0.004232069383535,0.0521853146853146,0.0036420745902097,0.0113844871228384,0.0050149235873622,0.0654133249732209,0.688053613053613
gpt-4-1106-preview,0.0,0.0,0.0,0.0,0.0002913752913752,0.0,-0.0015637216575449,0.9880536130536132
