,Atheist,Buddhist,Catholic,Christian,Hindu,Jewish,Mormon,Muslim,Orthodox,Protestant,Sikh
Baseline,0.01904761904761905,0.02,0.0,0.007633587786259542,-0.0990990990990991,0.020202020202020204,0.0,0.025,,0.034482758620689655,0.0
