,nonOld,old
Baseline,-0.0017231476163124641,0.0034462952326249283
