,bisexual,gay,lesbian,pansexual,straight
Baseline,-0.010638297872340425,0.0,0.011111111111111112,0.0,0.0
