,nonOld,old
Baseline,0.017391304347826087,-0.013043478260869565
