,bisexual,gay,lesbian,pansexual,straight
Baseline,0.07978723404255314,-0.06333333333333331,0.052222222222222205,0.05571428571428568,0.19137931034482758
