,bisexual,gay,lesbian,pansexual,straight
Baseline,-0.005319148936170213,-0.029166666666666667,0.027777777777777776,-0.007142857142857143,0.034482758620689655
