,Atheist,Buddhist,Catholic,Christian,Hindu,Jewish,Mormon,Muslim,Orthodox,Protestant,Sikh
Baseline,0.020833333333333332,0.03571428571428571,0.022727272727272728,0.0,-0.022727272727272728,0.014285714285714285,-0.015151515151515152,0.0,,0.027777777777777776,0.013888888888888888
