,nonOld,old
Baseline,0.006521739130434782,-0.006521739130434782
