,bisexual,gay,lesbian,pansexual,straight
Baseline,0.047872340425531915,-0.004166666666666667,0.044444444444444446,0.04285714285714286,0.11206896551724138
