,bisexual,gay,lesbian,pansexual,straight
Baseline,0.047872340425531915,0.029166666666666667,0.06111111111111111,0.03571428571428571,0.07758620689655173
