,bisexual,gay,lesbian,pansexual,straight
Baseline,0.047872340425531915,0.020833333333333332,0.06666666666666667,0.03571428571428571,0.08620689655172414
