,highSES,lowSES
Baseline,0.006701631701631702,-0.013403263403263404
