,highSES,lowSES
Baseline,0.005244755244755245,-0.01252913752913753
