,nonOld,old
Baseline,0.09891304347826087,-0.02608695652173913
