,highSES,lowSES
Baseline,0.10518648018648019,-0.10518648018648019
