,bisexual,gay,lesbian,pansexual,straight
Baseline,-0.02127659574468085,-0.0125,0.016666666666666666,-0.02142857142857143,0.0603448275862069
