,TB_nonOld,TB_old,TB,BAmt_nonOld,BAmt_old,BAmt,PB_p,PB,BS_a,Acc_a
Baseline,0.0478260869565217,-0.0434782608695652,0.04565217391304345,0.0956521739130434,0.1358695652173913,0.11576086956521735,0.0,0.016893115942029007,0.0010195290063182,0.9402173913043478
boy,0.0945652173913043,-0.058695652173913,0.07663043478260866,0.1847826086956521,0.2358695652173913,0.21032608695652172,0.0309782608695652,0.0,0.0022934598690502,0.9608695652173912
elder,0.0766304347826087,-0.0407608695652173,0.058695652173912996,0.1875,0.2559782608695652,0.2217391304347826,0.01576086956521745,0.0,0.0007650573793034,0.942391304347826
girl,0.0641304347826087,-0.0320652173913043,0.0480978260869565,0.1543478260869565,0.2059782608695652,0.18016304347826084,0.013858695652173951,0.0,0.0012297818667457,0.9521739130434784
kid,0.0793478260869565,-0.046195652173913,0.06277173913043474,0.175,0.2244565217391304,0.1997282608695652,0.017119565217391296,0.0,0.0026108269394714,0.9668478260869564
man,0.0510869565217391,-0.0222826086956521,0.0366847826086956,0.1456521739130434,0.2048913043478261,0.17527173913043476,0.012228260869565251,0.0,0.000667701863354,0.9478260869565216
woman,0.0478260869565217,-0.0206521739130434,0.03423913043478255,0.1293478260869565,0.1804347826086956,0.15489130434782605,0.0114130434782609,0.0,0.0014827810104138,0.9429347826086956
