,nonOld,old
boy,0.04988913525498891,0.008314855875831485
elder,0.02469813391877058,0.042810098792535674
girl,0.04505005561735261,-0.0033370411568409346
kid,0.047592997811816196,0.01477024070021882
man,0.032723239046034386,0.024403771491957847
woman,0.017435320584926885,0.02924634420697413
