,nonOld,old
boy,0.020652173913043477,-0.009782608695652175
elder,-0.035869565217391305,0.05
girl,0.023369565217391305,-0.01576086956521739
kid,0.014673913043478261,-0.008695652173913044
man,0.010326086956521738,0.025543478260869567
woman,0.007608695652173913,0.02391304347826087
