,nonOld,old
boy,0.45,0.3978260869565217
elder,0.328804347826087,0.47119565217391307
girl,0.4146739130434783,0.3983695652173913
kid,0.44619565217391305,0.4331521739130435
man,0.34402173913043477,0.42445652173913045
woman,0.33315217391304347,0.35489130434782606
