,nonOld,old
boy,0.057608695652173914,0.025
elder,-0.016304347826086956,0.05923913043478261
girl,0.05380434782608696,0.016304347826086956
kid,0.030434782608695653,-0.02282608695652174
man,0.03641304347826087,0.03804347826086957
woman,0.04021739130434782,0.016304347826086956
