,nonOld,old
boy,0.4567627494456763,0.45288248337028825
elder,0.4648737650933041,0.5378704720087816
girl,0.4855394883203559,0.4905450500556173
kid,0.4666301969365427,0.43927789934354483
man,0.4653355518580144,0.4980587909040488
woman,0.4876265466816648,0.49943757030371205
