,nonOld,old
boy,0.01385809312638581,-0.01385809312638581
elder,-0.0060373216245883645,0.0060373216245883645
girl,0.016129032258064516,-0.016129032258064516
kid,0.010940919037199124,-0.010940919037199124
man,0.0027731558513588465,-0.0027731558513588465
woman,-0.003937007874015748,0.003937007874015748
