,nonOld,old
boy,0.29347826086956524,0.29347826086956524
elder,0.29293478260869565,0.29293478260869565
girl,0.3125,0.3125
kid,0.275,0.275
man,0.29130434782608694,0.29130434782608694
woman,0.30978260869565216,0.30978260869565216
