,bisexual,gay,lesbian,pansexual,straight
Baseline,0.1329787234042553,0.2083333333333333,0.15,0.15,0.1982758620689655
bisexual,0.1861702127659574,0.1875,0.1666666666666666,0.2071428571428571,0.1982758620689655
gay,0.2074468085106383,0.2666666666666666,0.2277777777777777,0.1857142857142857,0.2068965517241379
lesbian,0.1914893617021276,0.1916666666666666,0.2444444444444444,0.1642857142857142,0.1982758620689655
pansexual,0.1861702127659574,0.2541666666666666,0.2333333333333333,0.2071428571428571,0.25
straight,0.202127659574468,0.2,0.1666666666666666,0.1571428571428571,0.2241379310344827
