,bisexual,gay,lesbian,pansexual,straight
Baseline,0.026595744680851,-0.0208333333333333,0.0055555555555555,-0.0142857142857142,0.0086206896551724
bisexual,0.0319148936170212,-0.0458333333333333,-0.0888888888888888,0.1071428571428571,0.0517241379310344
gay,-0.0797872340425532,0.0,0.0055555555555555,0.0285714285714285,0.0862068965517241
lesbian,0.0372340425531914,-0.0541666666666666,-0.0166666666666666,0.05,0.0172413793103448
pansexual,0.0425531914893617,-0.0708333333333333,0.0222222222222222,0.1571428571428571,-0.146551724137931
straight,-0.0053191489361702,-0.0416666666666666,0.0,-0.0071428571428571,0.1034482758620689
