,bisexual,gay,lesbian,pansexual,straight
Baseline,-0.0904255319148936,0.0583333333333333,0.0222222222222222,-0.0357142857142857,0.0344827586206896
bisexual,0.0851063829787234,-0.0541666666666666,-0.0111111111111111,-0.0428571428571428,0.043103448275862
gay,0.0372340425531914,0.0125,-0.0111111111111111,-0.0071428571428571,-0.0603448275862069
lesbian,-0.0425531914893617,-0.0541666666666666,0.0833333333333333,0.0,0.0517241379310344
pansexual,-0.0531914893617021,0.0041666666666666,0.0166666666666666,0.0928571428571428,-0.0603448275862069
straight,-0.0372340425531914,-0.0416666666666666,-0.0166666666666666,-0.0071428571428571,0.1810344827586207
