,nonOld,old
boy,0.06032608695652174,0.04076086956521739
elder,0.04456521739130435,0.05434782608695652
girl,0.04184782608695652,0.04673913043478261
kid,0.06358695652173912,0.03260869565217391
man,0.042391304347826085,0.06032608695652174
woman,0.042934782608695654,0.05923913043478261
