,nonOld,old
boy,0.18532608695652175,0.18532608695652175
elder,0.17228260869565218,0.17228260869565218
girl,0.17554347826086958,0.17554347826086958
kid,0.18478260869565216,0.18478260869565216
man,0.20271739130434782,0.20271739130434782
woman,0.19510869565217392,0.19510869565217392
