,highSES,lowSES
Baseline,0.36590909090909085,-0.3031468531468532
