,nonOld,old
Baseline,0.24532608695652175,0.24054347826086958
