,highSES,lowSES
Baseline,0.011480186480186439,-0.004603729603729579
