,nonOld,old
Baseline,0.04402173913043474,-0.016304347826086963
