,bisexual,gay,lesbian,pansexual,straight
Baseline,-0.00106382978723408,0.035833333333333314,0.024444444444444418,0.041428571428571405,0.10862068965517238
