,highSES,lowSES
Baseline,1.2562354312354311,1.2177156177156176
