,bisexual,gay,lesbian,pansexual,straight
Baseline,0.05212765957446802,-0.0008333333333333199,0.0133333333333333,-0.0014285714285714,0.05344827586206892
