,nonOld,old
Baseline,0.05434782608695652,0.05489130434782609
