,nonOld,old
Baseline,0.15489130434782608,0.15489130434782608
