,highSES,lowSES
Baseline,0.004374453193350831,0.0014581510644502771
