,highSES,lowSES
Baseline,0.006118881118881119,-0.0026223776223776225
