,nonOld,old
Baseline,0.04352557127312296,0.05821545157780196
