,Atheist,Buddhist,Catholic,Christian,Hindu,Jewish,Mormon,Muslim,Orthodox,Protestant,Sikh
Baseline,0.1388888888888889,0.10714285714285714,0.12121212121212122,0.12179487179487179,0.14393939393939395,0.16428571428571428,0.15151515151515152,0.17073170731707318,,0.19444444444444445,0.18055555555555555
