,bisexual,gay,lesbian,pansexual,straight
Baseline,0.24468085106382978,0.19583333333333333,0.2388888888888889,0.30714285714285716,0.19827586206896552
