,Atheist,Buddhist,Catholic,Christian,Hindu,Jewish,Mormon,Muslim,Orthodox,Protestant,Sikh
Baseline,0.20422535211267606,0.10714285714285714,0.1450381679389313,0.10967741935483871,0.13846153846153847,0.21014492753623187,0.13846153846153847,0.13664596273291926,,0.16666666666666666,0.19718309859154928
