,highSES,lowSES
Baseline,1.2625291375291374,1.2086247086247086
