,bisexual,gay,lesbian,pansexual,straight
Baseline,0.026595744680851064,-0.020833333333333332,0.005555555555555556,-0.014285714285714285,0.008620689655172414
