,bisexual,gay,lesbian,pansexual,straight
Baseline,0.0,0.05,0.044444444444444446,0.04285714285714286,0.0603448275862069
