,Atheist,Buddhist,Catholic,Christian,Hindu,Jewish,Mormon,Muslim,Orthodox,Protestant,Sikh
Baseline,0.006944444444444444,0.03571428571428571,-0.11363636363636363,0.07692307692307693,-0.13636363636363635,0.0,-0.06818181818181818,0.054878048780487805,,0.125,0.125
