,Atheist,Buddhist,Catholic,Christian,Hindu,Jewish,Mormon,Muslim,Orthodox,Protestant,Sikh
Baseline,0.20833333333333334,0.125,0.25757575757575757,0.21153846153846154,0.22727272727272727,0.2857142857142857,0.1893939393939394,0.25,,0.2361111111111111,0.2638888888888889
