,bisexual,gay,lesbian,pansexual,straight
Baseline,0.07446808510638298,0.125,0.08888888888888889,0.04285714285714286,0.06896551724137931
