,highSES,lowSES
Baseline,0.13636363636363635,-0.08012820512820513
