,Atheist,Buddhist,Catholic,Christian,Hindu,Jewish,Mormon,Muslim,Orthodox,Protestant,Sikh
Baseline,0.6458333333333334,0.9285714285714286,0.8863636363636364,0.7884615384615384,1.1515151515151516,0.35714285714285715,0.8863636363636364,0.43902439024390244,,0.8333333333333334,0.5972222222222222
