,highSES,lowSES
Baseline,0.013111888111888112,-0.004370629370629371
