,Atheist,Buddhist,Catholic,Christian,Hindu,Jewish,Mormon,Muslim,Orthodox,Protestant,Sikh
Baseline,0.2847222222222222,0.23214285714285715,0.23484848484848486,0.16025641025641027,0.24242424242424243,0.2785714285714286,0.15151515151515152,0.23780487804878048,,0.2222222222222222,0.3194444444444444
