,Atheist,Buddhist,Catholic,Christian,Hindu,Jewish,Mormon,Muslim,Orthodox,Protestant,Sikh
Baseline,0.5694444444444444,0.7857142857142857,0.946969696969697,0.7243589743589743,1.1515151515151516,0.30714285714285716,0.9621212121212122,0.40853658536585363,,0.7916666666666666,0.7083333333333334
