,nonOld,old
Baseline,0.1701086956521739,0.1701086956521739
