,highSES,lowSES
Baseline,0.1486013986013986,-0.08304195804195805
