,nonOld,old
Baseline,0.8445652173913043,0.8445652173913043
