,bisexual,gay,lesbian,pansexual,straight
Baseline,0.2127659574468085,0.2916666666666667,0.2111111111111111,0.19285714285714287,0.3275862068965517
