,bisexual,gay,lesbian,pansexual,straight
Baseline,0.2127659574468085,0.30416666666666664,0.22777777777777777,0.24285714285714285,0.2672413793103448
