,nonOld,old
Baseline,0.8559782608695652,0.8559782608695652
