,highSES,lowSES
Baseline,0.01486013986013986,-0.011363636363636364
