,Atheist,Buddhist,Catholic,Christian,Hindu,Jewish,Mormon,Muslim,Orthodox,Protestant,Sikh
Baseline,-0.027777777777777776,0.07142857142857142,-0.022727272727272728,0.019230769230769232,-0.11363636363636363,-0.007142857142857143,0.007575757575757576,0.11585365853658537,,0.09722222222222222,0.0
