,nonOld,old
Baseline,0.1702937976060936,0.1702937976060936
