,Atheist,Buddhist,Catholic,Christian,Hindu,Jewish,Mormon,Muslim,Orthodox,Protestant,Sikh
Baseline,-0.020833333333333332,-0.017857142857142856,-0.022727272727272728,-0.01282051282051282,-0.022727272727272728,0.06428571428571428,-0.03787878787878788,0.012195121951219513,,0.05555555555555555,0.027777777777777776
