,nonOld,old
Baseline,0.07282608695652174,-0.04456521739130435
