,nonOld,old
Baseline,1.3010869565217391,1.232608695652174
