,nonOld,old
Baseline,0.010869565217391304,-0.010869565217391304
