,bisexual,gay,lesbian,pansexual,straight
Baseline,0.043478260869565216,0.00847457627118644,0.027932960893854747,0.014285714285714285,0.05217391304347826
