,bisexual,gay,lesbian,pansexual,straight
Baseline,0.13297872340425532,0.20833333333333334,0.15,0.15,0.19827586206896552
