,nonOld,old
Baseline,0.8565217391304348,0.8565217391304348
