,Atheist,Buddhist,Catholic,Christian,Hindu,Jewish,Mormon,Muslim,Orthodox,Protestant,Sikh
Baseline,0.05555555555555555,0.14285714285714285,0.07575757575757576,0.07692307692307693,0.08333333333333333,0.06428571428571428,0.03787878787878788,0.0975609756097561,,0.08333333333333333,0.08333333333333333
