,Atheist,Buddhist,Catholic,Christian,Hindu,Jewish,Mormon,Muslim,Orthodox,Protestant,Sikh
Baseline,0.6111111111111112,0.9464285714285714,0.9696969696969697,0.7307692307692307,1.1136363636363635,0.40714285714285714,0.8787878787878788,0.3902439024390244,,0.8888888888888888,0.5416666666666666
