,highSES,lowSES
Baseline,0.01282051282051282,-0.00641025641025641
