,highSES,lowSES
Baseline,0.2164918414918415,-0.2164918414918415
