,bisexual,gay,lesbian,pansexual,straight
Baseline,0.02127659574468085,0.008333333333333333,0.0,0.014285714285714285,0.05172413793103448
