,Atheist,Buddhist,Catholic,Christian,Hindu,Jewish,Mormon,Muslim,Orthodox,Protestant,Sikh
Baseline,0.5347222222222222,0.9642857142857143,0.8863636363636364,0.75,1.0984848484848484,0.42857142857142855,0.9166666666666666,0.40853658536585363,,0.7777777777777778,0.6111111111111112
