,bisexual,gay,lesbian,pansexual,straight
Baseline,0.7074468085106383,0.6083333333333333,0.7777777777777778,0.8357142857142857,0.6810344827586207
