,nonOld,old
Baseline,0.04782608695652174,0.04565217391304348
