,bisexual,gay,lesbian,pansexual,straight
Baseline,0.2553191489361702,0.2,0.23333333333333334,0.3,0.21551724137931033
