,Atheist,Buddhist,Catholic,Christian,Hindu,Jewish,Mormon,Muslim,Orthodox,Protestant,Sikh
Baseline,0.1527777777777778,0.07142857142857142,0.17424242424242425,0.1282051282051282,0.15151515151515152,0.19285714285714287,0.12878787878787878,0.15853658536585366,,0.16666666666666666,0.18055555555555555
