,bisexual,gay,lesbian,pansexual,straight
Baseline,0.07446808510638298,0.10416666666666667,0.06666666666666667,0.05714285714285714,0.10344827586206896
