,highSES,lowSES
Baseline,1.2584498834498834,1.224941724941725
