,nonOld,old
Baseline,0.04076086956521739,0.057065217391304345
