,bisexual,gay,lesbian,pansexual,straight
Baseline,0.015957446808510637,0.0125,-0.005555555555555556,-0.02142857142857143,-0.017241379310344827
