,Atheist,Buddhist,Catholic,Christian,Hindu,Jewish,Mormon,Muslim,Orthodox,Protestant,Sikh
Baseline,0.2746478873239437,0.19642857142857142,0.22900763358778625,0.1870967741935484,0.23076923076923078,0.3115942028985507,0.19230769230769232,0.18012422360248448,,0.25,0.30985915492957744
