,nonOld,old
Baseline,0.06793478260869565,0.035326086956521736
