,highSES,lowSES
Baseline,0.037296037296037296,0.03671328671328671
