,nonOld,old
Baseline,-0.004896626768226333,0.004896626768226333
