,Atheist,Buddhist,Catholic,Christian,Hindu,Jewish,Mormon,Muslim,Orthodox,Protestant,Sikh
Baseline,0.1388888888888889,0.17857142857142858,0.1590909090909091,0.10897435897435898,0.15151515151515152,0.17142857142857143,0.12121212121212122,0.16463414634146342,,0.20833333333333334,0.16666666666666666
