,nonOld,old
Baseline,0.02608695652173913,0.004891304347826087
