,highSES,lowSES
Baseline,0.12004662004662005,0.11421911421911422
