,Atheist,Buddhist,Catholic,Christian,Hindu,Jewish,Mormon,Muslim,Orthodox,Protestant,Sikh
Baseline,0.4375,0.625,0.6515151515151515,0.5192307692307693,0.6742424242424242,0.2714285714285714,0.5757575757575758,0.27439024390243905,,0.5833333333333334,0.3472222222222222
