,bisexual,gay,lesbian,pansexual,straight
Baseline,0.03723404255319149,0.05,-0.027777777777777776,-0.007142857142857143,0.16379310344827586
