,nonOld,old
Baseline,0.8472826086956522,0.8472826086956522
