,highSES,lowSES
Baseline,0.007284382284382284,-0.001456876456876457
