,bisexual,gay,lesbian,pansexual,straight
Baseline,0.21808510638297873,0.1375,0.21666666666666667,0.3142857142857143,0.1896551724137931
