,nonOld,old
Baseline,0.1532608695652174,0.1532608695652174
