,highSES,lowSES
Baseline,0.43065268065268064,0.39714452214452217
