,nonOld,old
Baseline,0.04619565217391304,0.051630434782608696
