,nonOld,old
Baseline,0.8516304347826087,0.8516304347826087
