,highSES,lowSES
Baseline,0.14219114219114218,-0.07692307692307693
