,highSES,lowSES
Baseline,0.036421911421911424,0.035256410256410256
