,highSES,lowSES
Baseline,0.10984848484848485,0.10693473193473194
