,nonOld,old
Baseline,0.07608695652173914,0.07880434782608696
