,Atheist,Buddhist,Catholic,Christian,Hindu,Jewish,Mormon,Muslim,Orthodox,Protestant,Sikh
Baseline,0.06944444444444445,0.03571428571428571,-0.007575757575757576,0.0641025641025641,-0.14393939393939395,0.07857142857142857,-0.1893939393939394,-0.018292682926829267,,0.18055555555555555,0.027777777777777776
