,highSES,lowSES
Baseline,0.4388111888111888,0.38490675990675993
