,Atheist,Buddhist,Catholic,Christian,Hindu,Jewish,Mormon,Muslim,Orthodox,Protestant,Sikh
Baseline,0.08333333333333333,0.14285714285714285,-0.030303030303030304,0.019230769230769232,-0.030303030303030304,0.02142857142857143,0.007575757575757576,0.03048780487804878,,0.08333333333333333,0.18055555555555555
