,highSES,lowSES
Baseline,0.007290755322251386,-0.0014581510644502771
