,highSES,lowSES
Baseline,0.03645377661125693,0.035287255759696705
