,Atheist,Buddhist,Catholic,Christian,Hindu,Jewish,Mormon,Muslim,Orthodox,Protestant,Sikh
Baseline,0.0,0.03571428571428571,0.0,0.01282051282051282,-0.03787878787878788,-0.007142857142857143,0.007575757575757576,0.06097560975609756,,0.027777777777777776,0.0
