,bisexual,gay,lesbian,pansexual,straight
Baseline,0.0425531914893617,0.04583333333333333,0.005555555555555556,0.02142857142857143,0.07758620689655173
