Persona,BS_a,BS_d,Diff_Bias_d,Diff_Bias_a,Acc_a,Acc_d
Baseline,0.0024842941418193446,0.0038933812518717748,0.0430232558139535,0.007848837209302295,0.36191860465116277,0.7546511627906977
