,bisexual,gay,lesbian,pansexual,straight
Baseline,0.005319148936170213,-0.008333333333333333,0.005555555555555556,0.007142857142857143,-0.008620689655172414
