,Atheist,Buddhist,Catholic,Christian,Hindu,Jewish,Mormon,Muslim,Orthodox,Protestant,Sikh
Baseline,-0.027777777777777776,0.03571428571428571,-0.022727272727272728,0.00641025641025641,-0.07575757575757576,0.0,0.0,0.054878048780487805,,0.06944444444444445,0.0
