,nonOld,old
Baseline,0.0391304347826087,-0.0391304347826087
