,Atheist,Buddhist,Catholic,Christian,Hindu,Jewish,Mormon,Muslim,Orthodox,Protestant,Sikh
Baseline,0.0,0.03571428571428571,0.045454545454545456,-0.00641025641025641,-0.05303030303030303,-0.007142857142857143,-0.030303030303030304,0.0,,0.05555555555555555,0.013888888888888888
