,highSES,lowSES
Baseline,0.00641025641025641,0.0034965034965034965
