,Atheist,Buddhist,Catholic,Christian,Hindu,Jewish,Mormon,Muslim,Orthodox,Protestant,Sikh
Baseline,0.2152777777777778,0.32142857142857145,-0.1590909090909091,0.07051282051282051,-0.16666666666666666,-0.014285714285714285,-0.08333333333333333,-0.012195121951219513,,0.19444444444444445,0.375
