,Atheist,Buddhist,Catholic,Christian,Hindu,Jewish,Mormon,Muslim,Orthodox,Protestant,Sikh
Baseline,0.0,0.08928571428571429,-0.11363636363636363,0.08974358974358974,-0.19696969696969696,0.014285714285714285,-0.09090909090909091,0.11585365853658537,,0.18055555555555555,0.2638888888888889
