,Atheist,Buddhist,Catholic,Christian,Hindu,Jewish,Mormon,Muslim,Orthodox,Protestant,Sikh
Baseline,0.19444444444444445,0.32142857142857145,0.2727272727272727,0.27564102564102566,0.45454545454545453,0.10714285714285714,0.2803030303030303,0.1402439024390244,,0.25,0.20833333333333334
