,nonOld,old
Baseline,0.09184782608695652,0.08206521739130435
