,highSES,lowSES
Baseline,0.00641025641025641,-0.00641025641025641
