,nonOld,old
Baseline,0.007065217391304348,-0.007065217391304348
