,bisexual,gay,lesbian,pansexual,straight
Baseline,0.07446808510638298,0.0,0.03333333333333333,0.04285714285714286,0.0603448275862069
