,Atheist,Buddhist,Catholic,Christian,Hindu,Jewish,Mormon,Muslim,Orthodox,Protestant,Sikh
Baseline,0.1527777777777778,-0.017857142857142856,-0.10606060606060606,0.11538461538461539,-0.14393939393939395,0.02142857142857143,-0.06060606060606061,0.0,,0.1111111111111111,0.20833333333333334
