,bisexual,gay,lesbian,pansexual,straight
Baseline,0.09782608695652174,0.11016949152542373,0.09497206703910614,0.05714285714285714,0.10434782608695652
