,Atheist,Buddhist,Catholic,Christian,Hindu,Jewish,Mormon,Muslim,Orthodox,Protestant,Sikh
Baseline,0.0763888888888889,0.16071428571428573,0.015151515151515152,-0.00641025641025641,-0.015151515151515152,0.03571428571428571,-0.015151515151515152,0.04878048780487805,,0.027777777777777776,0.1527777777777778
