,bisexual,gay,lesbian,pansexual,straight
Baseline,0.03723404255319149,0.020833333333333332,-0.005555555555555556,-0.007142857142857143,0.034482758620689655
