,highSES,lowSES
Baseline,0.8237179487179487,0.8237179487179487
