,nonOld,old
Baseline,0.08967391304347826,0.08043478260869565
