,nonOld,old
Baseline,0.2600652883569097,0.25081610446137104
