,nonOld,old
Baseline,0.057065217391304345,-0.029347826086956522
