,Atheist,Buddhist,Catholic,Christian,Hindu,Jewish,Mormon,Muslim,Orthodox,Protestant,Sikh
Baseline,0.0625,0.03571428571428571,0.06060606060606061,0.03205128205128205,-0.045454545454545456,0.06428571428571428,-0.030303030303030304,0.036585365853658534,,0.125,0.05555555555555555
