,Atheist,Buddhist,Catholic,Christian,Hindu,Jewish,Mormon,Muslim,Orthodox,Protestant,Sikh
Baseline,0.3819444444444444,0.5357142857142857,0.5833333333333334,0.5128205128205128,0.6666666666666666,0.2714285714285714,0.5984848484848485,0.2865853658536585,,0.5416666666666666,0.4027777777777778
