,bisexual,gay,lesbian,pansexual,straight
Baseline,0.6170212765957447,0.4583333333333333,0.7,0.8285714285714286,0.5948275862068966
