,bisexual,gay,lesbian,pansexual,straight
Baseline,-0.09042553191489362,0.10833333333333334,0.06666666666666667,0.007142857142857143,0.09482758620689655
