,highSES,lowSES
Baseline,0.42744755244755245,0.3951048951048951
