,bisexual,gay,lesbian,pansexual,straight
Baseline,0.26595744680851063,0.3125,0.2833333333333333,0.22857142857142856,0.3017241379310345
