,Atheist,Buddhist,Catholic,Christian,Hindu,Jewish,Mormon,Muslim,Orthodox,Protestant,Sikh
Baseline,0.3958333333333333,0.5178571428571429,0.6439393939393939,0.5128205128205128,0.6666666666666666,0.24285714285714285,0.6287878787878788,0.2865853658536585,,0.5416666666666666,0.4444444444444444
