,nonOld,old
Baseline,0.4673913043478261,0.3798913043478261
