,nonOld,old
Baseline,0.17391304347826086,0.17391304347826086
