,highSES,lowSES
Baseline,0.1081002331002331,0.10693473193473194
