,nonOld,old
Baseline,0.2597826086956522,0.2505434782608696
