,bisexual,gay,lesbian,pansexual,straight
Baseline,-0.09042553191489362,0.058333333333333334,0.022222222222222223,-0.03571428571428571,0.034482758620689655
