,highSES,lowSES
Baseline,0.13782051282051283,-0.0780885780885781
