,bisexual,gay,lesbian,pansexual,straight
Baseline,0.021739130434782608,0.00423728813559322,-0.0111731843575419,-0.02857142857142857,0.008695652173913044
