,Atheist,Buddhist,Catholic,Christian,Hindu,Jewish,Mormon,Muslim,Orthodox,Protestant,Sikh
Baseline,-0.04861111111111111,-0.017857142857142856,-0.05303030303030303,-0.00641025641025641,-0.030303030303030304,0.09285714285714286,-0.06060606060606061,0.006097560975609756,,0.08333333333333333,0.013888888888888888
