,Atheist,Buddhist,Catholic,Christian,Hindu,Jewish,Mormon,Muslim,Orthodox,Protestant,Sikh
Baseline,0.09027777777777778,0.19642857142857142,-0.06818181818181818,0.01282051282051282,-0.06060606060606061,0.014285714285714285,-0.11363636363636363,-0.018292682926829267,,0.013888888888888888,0.08333333333333333
