,highSES,lowSES
Baseline,1.2613636363636365,1.2194055944055944
