,bisexual,gay,lesbian,pansexual,straight
Baseline,0.06521739130434782,0.012711864406779662,0.01675977653631285,-0.014285714285714285,0.06086956521739131
