,bisexual,gay,lesbian,pansexual,straight
Baseline,-0.026595744680851064,0.0125,0.0,-0.007142857142857143,0.02586206896551724
