,bisexual,gay,lesbian,pansexual,straight
Baseline,-0.005319148936170213,0.004166666666666667,-0.03333333333333333,-0.02857142857142857,0.08620689655172414
