,Atheist,Buddhist,Catholic,Christian,Hindu,Jewish,Mormon,Muslim,Orthodox,Protestant,Sikh
Baseline,-0.006944444444444444,0.08928571428571429,0.030303030303030304,0.019230769230769232,-0.12121212121212122,0.007142857142857143,-0.03787878787878788,0.018292682926829267,,0.05555555555555555,0.027777777777777776
