,nonOld,old
Baseline,0.05380434782608696,0.05543478260869565
