,highSES,lowSES
Baseline,0.037587412587412584,0.03467365967365967
