,nonOld,old
Baseline,0.0897714907508161,0.08052230685527748
