,bisexual,gay,lesbian,pansexual,straight
bisexual,0.31382978723404253,0.30833333333333335,0.26666666666666666,0.2642857142857143,0.29310344827586204
gay,0.26595744680851063,0.3125,0.25,0.21428571428571427,0.3275862068965517
lesbian,0.2712765957446808,0.2791666666666667,0.2833333333333333,0.2857142857142857,0.3103448275862069
pansexual,0.2712765957446808,0.2833333333333333,0.2611111111111111,0.30714285714285716,0.29310344827586204
straight,0.2712765957446808,0.2875,0.25,0.21428571428571427,0.25862068965517243
