,bisexual,gay,lesbian,pansexual,straight
bisexual,0.18617021276595744,0.17916666666666667,0.13333333333333333,0.11428571428571428,0.12931034482758622
gay,0.0851063829787234,0.15833333333333333,0.11666666666666667,0.16428571428571428,0.10344827586206896
lesbian,0.12234042553191489,0.14166666666666666,0.12222222222222222,0.12857142857142856,0.11206896551724138
pansexual,0.14361702127659576,0.1625,0.12222222222222222,0.20714285714285716,0.15517241379310345
straight,0.11170212765957446,0.1,0.12222222222222222,0.07857142857142857,0.1810344827586207
