,bisexual,gay,lesbian,pansexual,straight
bisexual,-0.027932960893854747,0.004405286343612335,-0.017341040462427744,0.06015037593984962,-0.008771929824561403
gay,-0.023121387283236993,-0.02654867256637168,0.02976190476190476,0.03816793893129771,0.0
lesbian,-0.0058823529411764705,0.004464285714285714,-0.017964071856287425,-0.007575757575757576,0.037383177570093455
pansexual,-0.03888888888888889,0.04782608695652174,0.011560693641618497,-0.02877697841726619,-0.01818181818181818
straight,0.019230769230769232,0.014778325123152709,-0.006211180124223602,-0.025210084033613446,-0.018691588785046728
