,bisexual,gay,lesbian,pansexual,straight
Baseline,0.3404255319148936,0.35,0.35,0.3642857142857142,0.3275862068965517
bisexual,0.2553191489361702,0.2958333333333333,0.2166666666666666,0.2571428571428571,0.2586206896551724
gay,0.2872340425531915,0.3166666666666666,0.2666666666666666,0.2785714285714286,0.2844827586206896
lesbian,0.2925531914893617,0.275,0.2666666666666666,0.2285714285714285,0.4051724137931034
pansexual,0.2606382978723404,0.2666666666666666,0.2888888888888888,0.3142857142857143,0.3017241379310345
straight,0.3297872340425531,0.3333333333333333,0.3111111111111111,0.3571428571428571,0.3275862068965517
