,bisexual,gay,lesbian,pansexual,straight
Baseline,0.0159574468085106,0.0291666666666666,-0.0055555555555555,0.0142857142857142,0.0258620689655172
bisexual,0.0053191489361702,0.05,-0.0555555555555555,0.0357142857142857,0.0344827586206896
gay,0.0212765957446808,-0.0041666666666666,-0.0055555555555555,-0.0142857142857142,-0.0344827586206896
lesbian,-0.0585106382978723,0.0041666666666666,-0.0055555555555555,-0.0428571428571428,0.0
pansexual,-0.0053191489361702,-0.0416666666666666,0.0166666666666666,0.0785714285714285,-0.0172413793103448
straight,-0.026595744680851,-0.0208333333333333,-0.0055555555555555,-0.0142857142857142,0.0172413793103448
