,bisexual,gay,lesbian,pansexual,straight
bisexual,0.1686746987951807,-0.03015075376884422,0.09740259740259741,0.03225806451612903,-0.020618556701030927
gay,0.0,0.06796116504854369,0.11464968152866242,-0.0234375,0.0
lesbian,-0.01818181818181818,0.009708737864077669,0.10303030303030303,0.12,0.06666666666666667
pansexual,0.05673758865248227,0.05056179775280899,-0.02631578947368421,0.19008264462809918,0.03488372093023256
straight,-0.012195121951219513,0.01904761904761905,0.046511627906976744,0.08870967741935484,0.11320754716981132
