,BS_d,BS_a,Diff_Bias_d,Diff_Bias_a,Acc_d,Acc_a,bisexual_ambig,gay_ambig,lesbian_ambig,pansexual_ambig,straight_ambig,TB_ambig,PB_ambig,bisexual_disambig,gay_disambig,lesbian_disambig,pansexual_disambig,straight_disambig,TB_disambig,PB_disambig
Baseline,-0.0208333333333333,-0.0112847222222222,0.0972222222222222,0.0324074074074074,0.4583333333333333,0.7013888888888888,0.0425531914893617,0.0166666666666666,0.0277777777777777,0.0357142857142857,0.0517241379310344,0.17443605957912608,0.0,0.0434782608695652,0.0084745762711864,0.0279329608938547,0.0142857142857142,0.0521739130434782,0.14634542536379871,0.0
bisexual,-0.0309859154929577,-0.0185054773082941,0.0972222222222222,-0.0254629629629629,0.4027777777777778,0.6319444444444444,0.1170212765957446,0.05,-0.0111111111111111,0.0285714285714285,0.043103448275862,0.2498072645541462,0.1624538541266347,0.0491803278688524,-0.0043103448275862,0.0168539325842696,0.0217391304347826,0.0353982300884955,0.1274819658039863,0.053795115511696
gay,0.0576271186440677,0.0326820464532328,0.0879629629629629,-0.0300925925925925,0.4328703703703703,0.5115740740740741,-0.0372340425531914,0.0625,0.0444444444444444,0.0785714285714285,0.0,0.22274991556906432,0.23686851483073038,0.0180722891566265,0.0,0.0355029585798816,0.0454545454545454,0.05,0.1490297931910535,0.0747932898824614
lesbian,0.0,0.0,0.1203703703703703,-0.0416666666666666,0.3888888888888889,0.5370370370370371,-0.0159574468085106,0.0291666666666666,0.0722222222222222,-0.0214285714285714,0.0,0.1387749071259708,0.2243220778162083,0.0175438596491228,0.0184331797235023,0.059171597633136,0.0,0.0094339622641509,0.104582599269912,0.12415730647708109
pansexual,0.0564971751412428,0.0304718560368277,0.0833333333333333,0.0416666666666666,0.4606481481481481,0.6296296296296297,0.0212765957446808,0.0333333333333333,0.0222222222222222,0.1357142857142857,0.0603448275862069,0.2728912646007289,0.1521195076220756,0.0437158469945355,-0.0087336244541484,0.0338983050847457,0.0218978102189781,0.0803571428571428,0.1886027296095505,0.059206456788124584
straight,0.0580645161290322,0.028763440860215,0.0092592592592593,0.0231481481481481,0.5046296296296297,0.5509259259259259,-0.0106382978723404,0.0083333333333333,0.0055555555555555,0.0071428571428571,0.1034482758620689,0.13511831976615518,0.16404261141972068,0.0303030303030303,0.0047393364928909,0.0301204819277108,0.0075757575757575,0.0555555555555555,0.12829416185494502,0.029189590600720502
