,highSES,lowSES
Baseline,0.20337995337995338,-0.09994172494172494
