,bisexual,gay,lesbian,pansexual,straight
Baseline,0.2606382978723404,0.2333333333333333,0.2166666666666666,0.1642857142857142,0.293103448275862
bisexual,0.3670212765957447,0.4041666666666667,0.3388888888888889,0.2785714285714286,0.4741379310344827
gay,0.3297872340425531,0.3666666666666666,0.3055555555555556,0.3142857142857143,0.3879310344827586
lesbian,0.3191489361702128,0.3625,0.3888888888888889,0.3571428571428571,0.4137931034482758
pansexual,0.2872340425531915,0.3458333333333333,0.2611111111111111,0.25,0.2844827586206896
straight,0.2606382978723404,0.3333333333333333,0.2777777777777778,0.3214285714285714,0.396551724137931
