,bisexual,gay,lesbian,pansexual,straight
Baseline,-0.0212765957446808,0.05,-0.0111111111111111,-0.0071428571428571,-0.043103448275862
bisexual,-0.0212765957446808,0.0125,0.0222222222222222,-0.0357142857142857,0.0172413793103448
gay,-0.0425531914893617,0.0416666666666666,-0.0222222222222222,0.0214285714285714,-0.0086206896551724
lesbian,-0.026595744680851,0.0208333333333333,0.0277777777777777,-0.0142857142857142,-0.0258620689655172
pansexual,-0.0053191489361702,0.0083333333333333,0.0222222222222222,0.0357142857142857,-0.0862068965517241
straight,0.0053191489361702,-0.0041666666666666,-0.0166666666666666,0.0,0.0258620689655172
