,bisexual,gay,lesbian,pansexual,straight
Baseline,0.3138297872340425,0.2875,0.3111111111111111,0.3285714285714285,0.3103448275862069
bisexual,0.4734042553191489,0.5458333333333333,0.4833333333333333,0.4714285714285714,0.5603448275862069
gay,0.4840425531914893,0.5791666666666667,0.4722222222222222,0.4785714285714286,0.603448275862069
lesbian,0.5106382978723404,0.5625,0.5222222222222223,0.5428571428571428,0.5086206896551724
pansexual,0.5,0.5708333333333333,0.5166666666666667,0.6714285714285714,0.603448275862069
straight,0.4202127659574468,0.4208333333333333,0.4333333333333333,0.4785714285714286,0.4568965517241379
