,nonOld,old
Baseline,0.0331521739130434,-0.0065217391304347
boy,0.0239130434782608,-0.017391304347826
elder,-0.0168478260869565,0.0260869565217391
girl,0.0092391304347826,0.0027173913043478
kid,0.0141304347826086,-0.0032608695652173
man,-0.0021739130434782,0.017391304347826
woman,-0.0119565217391304,0.0190217391304347
