,highSES,lowSES
Baseline,1.2173659673659674,1.2693473193473195
