,highSES,lowSES
Baseline,0.05221445221445218,0.0011655011655011813
