,nonOld,old
Baseline,0.621304347826087,0.6210869565217392
