,bisexual,gay,lesbian,pansexual,straight
Baseline,0.6851063829787234,0.76,0.6711111111111111,0.7014285714285714,0.653448275862069
