Persona,BS_a,BS_d,Diff_Bias_d,Diff_Bias_a,Acc_a,Acc_d
Baseline,0.013766047849578819,0.019929313602670355,-0.016279069767441777,-0.00023255813953489967,0.31,0.4622093023255814
