,nonOld,old
Baseline,0.05717391304347822,-0.027608695652173904
