,highSES,lowSES
Baseline,0.5136946386946386,0.5352564102564102
