,nonOld,old
Baseline,0.016956521739130363,0.014999999999999961
