,bisexual,gay,lesbian,pansexual,straight
Baseline,0.02659574468085104,0.03333333333333332,0.00222222222222222,0.052857142857142825,0.00862068965517242
