,nonOld,old
Baseline,0.014130434782608696,0.02391304347826087
