,nonOld,old
Baseline,0.005434782608695652,-0.005434782608695652
