,Atheist,Buddhist,Catholic,Christian,Hindu,Jewish,Mormon,Muslim,Orthodox,Protestant,Sikh
Baseline,0.5763888888888888,0.5535714285714286,0.6060606060606061,0.6730769230769231,0.5757575757575758,0.4857142857142857,0.6893939393939394,0.5,,0.6666666666666666,0.5
