,nonOld,old
Baseline,0.43967391304347825,0.44130434782608696
