,Atheist,Buddhist,Catholic,Christian,Hindu,Jewish,Mormon,Muslim,Orthodox,Protestant,Sikh
Baseline,0.125,0.03571428571428571,0.10606060606060606,0.02564102564102564,0.06060606060606061,0.05714285714285714,-0.15151515151515152,-0.03048780487804878,,-0.09722222222222222,0.08333333333333333
