,highSES,lowSES
Baseline,0.02564102564102564,-0.02505827505827506
