,Atheist,Buddhist,Catholic,Christian,Hindu,Jewish,Mormon,Muslim,Orthodox,Protestant,Sikh
Baseline,-0.027777777777777776,-0.08928571428571429,0.05303030303030303,0.1282051282051282,0.030303030303030304,-0.007142857142857143,-0.08333333333333333,0.042682926829268296,,0.027777777777777776,0.1111111111111111
