,highSES,lowSES
Baseline,0.5171911421911422,0.5326340326340326
