,Atheist,Buddhist,Catholic,Christian,Hindu,Jewish,Mormon,Muslim,Orthodox,Protestant,Sikh
Baseline,0.5555555555555556,0.6785714285714286,0.6515151515151515,0.6666666666666666,0.5984848484848485,0.4785714285714286,0.6666666666666666,0.40853658536585363,,0.5833333333333334,0.5694444444444444
