,bisexual,gay,lesbian,pansexual,straight
Baseline,0.25,0.24583333333333332,0.2611111111111111,0.24285714285714285,0.14655172413793102
