,bisexual,gay,lesbian,pansexual,straight
Baseline,0.5106382978723404,0.5333333333333333,0.5388888888888889,0.5428571428571428,0.45689655172413796
