,highSES,lowSES
Baseline,0.020104895104895104,0.028846153846153848
