,bisexual,gay,lesbian,pansexual,straight
Baseline,0.047872340425531915,-0.04583333333333333,-0.016666666666666666,0.05,0.05172413793103448
