,nonOld,old
Baseline,0.6119565217391304,0.6108695652173913
