,highSES,lowSES
Baseline,0.005244755244755245,0.003205128205128205
