,highSES,lowSES
Baseline,0.022144522144522144,-0.014568764568764568
