,bisexual,gay,lesbian,pansexual,straight
Baseline,-0.03723404255319149,0.0625,-0.005555555555555556,-0.03571428571428571,-0.017241379310344827
