,nonOld,old
Baseline,0.011995637949836423,0.016357688113413305
