,nonOld,old
Baseline,0.8809782608695652,0.8809782608695652
