,Atheist,Buddhist,Catholic,Christian,Hindu,Jewish,Mormon,Muslim,Orthodox,Protestant,Sikh
Baseline,0.1875,0.10714285714285714,0.13636363636363635,0.15384615384615385,0.1893939393939394,0.18571428571428572,0.14393939393939395,0.1402439024390244,,0.1388888888888889,0.16666666666666666
