,Atheist,Buddhist,Catholic,Christian,Hindu,Jewish,Mormon,Muslim,Orthodox,Protestant,Sikh
Baseline,0.5208333333333334,0.42857142857142855,0.5833333333333334,0.47435897435897434,0.48484848484848486,0.5285714285714286,0.4621212121212121,0.3597560975609756,,0.5,0.5277777777777778
