,bisexual,gay,lesbian,pansexual,straight
Baseline,0.02127659574468085,-0.008333333333333333,0.0,0.02142857142857143,0.02586206896551724
