,highSES,lowSES
Baseline,0.3554778554778555,0.3554778554778555
