,bisexual,gay,lesbian,pansexual,straight
Baseline,0.4787234042553192,0.5208333333333334,0.42777777777777776,0.45,0.45689655172413796
