,Atheist,Buddhist,Catholic,Christian,Hindu,Jewish,Mormon,Muslim,Orthodox,Protestant,Sikh
Baseline,0.4861111111111111,0.5357142857142857,0.6287878787878788,0.6987179487179487,0.5833333333333334,0.45,0.6363636363636364,0.4573170731707317,,0.6111111111111112,0.4583333333333333
