,highSES,lowSES
Baseline,0.01048951048951049,0.001456876456876457
