,Atheist,Buddhist,Catholic,Christian,Hindu,Jewish,Mormon,Muslim,Orthodox,Protestant,Sikh
Baseline,0.027777777777777776,-0.08928571428571429,0.045454545454545456,0.038461538461538464,-0.007575757575757576,0.02857142857142857,-0.045454545454545456,-0.06097560975609756,,-0.041666666666666664,0.06944444444444445
