,Atheist,Buddhist,Catholic,Christian,Hindu,Jewish,Mormon,Muslim,Orthodox,Protestant,Sikh
Baseline,0.5416666666666666,0.5714285714285714,0.6136363636363636,0.6794871794871795,0.5984848484848485,0.42142857142857143,0.6060606060606061,0.43902439024390244,,0.5555555555555556,0.4861111111111111
