,highSES,lowSES
Baseline,0.34994172494172493,0.34994172494172493
