,Atheist,Buddhist,Catholic,Christian,Hindu,Jewish,Mormon,Muslim,Orthodox,Protestant,Sikh
Baseline,0.006944444444444444,-0.017857142857142856,0.030303030303030304,0.057692307692307696,0.015151515151515152,0.02142857142857143,-0.022727272727272728,0.03048780487804878,,0.041666666666666664,0.05555555555555555
