,nonOld,old
Baseline,0.4076086956521739,0.4076086956521739
