,Atheist,Buddhist,Catholic,Christian,Hindu,Jewish,Mormon,Muslim,Orthodox,Protestant,Sikh
Baseline,0.3263888888888889,0.32142857142857145,0.38636363636363635,0.3269230769230769,0.32575757575757575,0.35,0.30303030303030304,0.25,,0.3472222222222222,0.3194444444444444
