,Atheist,Buddhist,Catholic,Christian,Hindu,Jewish,Mormon,Muslim,Orthodox,Protestant,Sikh
Baseline,0.3680555555555556,0.35714285714285715,0.3409090909090909,0.33974358974358976,0.3484848484848485,0.34285714285714286,0.2727272727272727,0.24390243902439024,,0.3472222222222222,0.2777777777777778
