,bisexual,gay,lesbian,pansexual,straight
Baseline,0.14893617021276595,-0.09583333333333334,-0.08888888888888889,0.0,0.19827586206896552
