,bisexual,gay,lesbian,pansexual,straight
Baseline,0.7074468085106383,0.7708333333333334,0.7222222222222222,0.7142857142857143,0.5517241379310345
