,Atheist,Buddhist,Catholic,Christian,Hindu,Jewish,Mormon,Muslim,Orthodox,Protestant,Sikh
Baseline,0.2152777777777778,0.2857142857142857,0.25757575757575757,0.38461538461538464,0.32575757575757575,0.20714285714285716,0.3333333333333333,0.20121951219512196,,0.25,0.3194444444444444
