,highSES,lowSES
Baseline,0.3884032634032634,0.44114219114219116
