,highSES,lowSES
Baseline,0.011363636363636364,0.037587412587412584
