,bisexual,gay,lesbian,pansexual,straight
Baseline,0.4521276595744681,0.5291666666666667,0.46111111111111114,0.45714285714285713,0.49137931034482757
