,bisexual,gay,lesbian,pansexual,straight
Baseline,-0.015957446808510637,0.008333333333333333,0.0,0.02857142857142857,-0.02586206896551724
