,bisexual,gay,lesbian,pansexual,straight
Baseline,0.05319148936170213,0.041666666666666664,-0.005555555555555556,0.07142857142857142,-0.04310344827586207
