,bisexual,gay,lesbian,pansexual,straight
Baseline,0.2765957446808511,0.275,0.2222222222222222,0.19285714285714287,0.19827586206896552
