,Atheist,Buddhist,Catholic,Christian,Hindu,Jewish,Mormon,Muslim,Orthodox,Protestant,Sikh
Baseline,0.3263888888888889,0.30357142857142855,0.29545454545454547,0.3141025641025641,0.3484848484848485,0.3357142857142857,0.2803030303030303,0.31097560975609756,,0.3055555555555556,0.3472222222222222
