,nonOld,old
Baseline,0.21046892039258452,0.20283533260632497
