,highSES,lowSES
Baseline,0.38956876456876455,0.4382284382284382
