,highSES,lowSES
Baseline,0.5195221445221445,0.5381701631701632
