,highSES,lowSES
Baseline,0.16317016317016317,0.19230769230769232
