,Atheist,Buddhist,Catholic,Christian,Hindu,Jewish,Mormon,Muslim,Orthodox,Protestant,Sikh
Baseline,0.021897810218978103,0.07272727272727272,-0.007751937984496124,-0.006802721088435374,0.0546875,0.03508771929824561,0.024390243902439025,-0.051470588235294115,,0.08064516129032258,0.07936507936507936
