,bisexual,gay,lesbian,pansexual,straight
Baseline,0.6382978723404256,0.7208333333333333,0.6111111111111112,0.6571428571428571,0.75
