,highSES,lowSES
Baseline,0.0038302887448438423,0.0014731879787860931
