,nonOld,old
Baseline,0.8864130434782609,0.8864130434782609
