,nonOld,old
Baseline,0.02282608695652174,0.017391304347826087
