,bisexual,gay,lesbian,pansexual,straight
Baseline,0.05319148936170213,0.025,0.0,0.05,0.008620689655172414
