,bisexual,gay,lesbian,pansexual,straight
Baseline,0.2712765957446808,0.26666666666666666,0.3111111111111111,0.35714285714285715,0.3017241379310345
