,Atheist,Buddhist,Catholic,Christian,Hindu,Jewish,Mormon,Muslim,Orthodox,Protestant,Sikh
Baseline,0.24305555555555555,0.26785714285714285,0.3333333333333333,0.3717948717948718,0.23484848484848486,0.2714285714285714,0.36363636363636365,0.2621951219512195,,0.3194444444444444,0.20833333333333334
