,nonOld,old
Baseline,0.014130434782608696,0.010869565217391304
