,nonOld,old
Baseline,0.41304347826086957,0.41304347826086957
