,Atheist,Buddhist,Catholic,Christian,Hindu,Jewish,Mormon,Muslim,Orthodox,Protestant,Sikh
Baseline,0.029197080291970802,0.03636363636363636,0.007751937984496124,-0.006802721088435374,0.0234375,0.043859649122807015,0.032520325203252036,-0.022058823529411766,,0.04838709677419355,0.06349206349206349
