,nonOld,old
Baseline,0.03315217391304348,-0.006521739130434782
