,highSES,lowSES
Baseline,0.16317016317016317,0.18123543123543123
