,Atheist,Buddhist,Catholic,Christian,Hindu,Jewish,Mormon,Muslim,Orthodox,Protestant,Sikh
Baseline,0.034722222222222224,-0.03571428571428571,-0.007575757575757576,0.057692307692307696,0.007575757575757576,-0.10714285714285714,-0.045454545454545456,-0.006097560975609756,,0.041666666666666664,0.09722222222222222
