,nonOld,old
Baseline,0.4391304347826087,0.4472826086956522
