,Atheist,Buddhist,Catholic,Christian,Hindu,Jewish,Mormon,Muslim,Orthodox,Protestant,Sikh
Baseline,0.020833333333333332,0.08928571428571429,0.045454545454545456,0.01282051282051282,0.030303030303030304,-0.007142857142857143,0.007575757575757576,0.03048780487804878,,0.027777777777777776,0.041666666666666664
