,highSES,lowSES
Baseline,0.38723776223776224,0.4388111888111888
