,bisexual,gay,lesbian,pansexual,straight
Baseline,0.14361702127659576,0.125,0.15,0.18571428571428572,0.15517241379310345
