,highSES,lowSES
Baseline,0.06351981351981352,0.003205128205128205
