,bisexual,gay,lesbian,pansexual,straight
Baseline,0.015957446808510637,0.029166666666666667,-0.005555555555555556,0.014285714285714285,0.02586206896551724
