,Atheist,Buddhist,Catholic,Christian,Hindu,Jewish,Mormon,Muslim,Orthodox,Protestant,Sikh
Baseline,0.7291666666666666,0.7678571428571429,0.9772727272727273,1.044871794871795,0.9166666666666666,0.7,1.0075757575757576,0.6219512195121951,,0.8333333333333334,0.6666666666666666
