,bisexual,gay,lesbian,pansexual,straight
Baseline,0.047872340425531915,-0.004166666666666667,0.016666666666666666,0.02142857142857143,0.04310344827586207
