,bisexual,gay,lesbian,pansexual,straight
Baseline,0.03529411764705882,0.0273972602739726,0.005988023952095809,0.05303030303030303,0.018867924528301886
