,Atheist,Buddhist,Catholic,Christian,Hindu,Jewish,Mormon,Muslim,Orthodox,Protestant,Sikh
Baseline,0.375,0.30357142857142855,0.3939393939393939,0.32051282051282054,0.3560606060606061,0.3,0.3181818181818182,0.25609756097560976,,0.3194444444444444,0.3194444444444444
