,nonOld,old
Baseline,0.058695652173913045,-0.02282608695652174
