,bisexual,gay,lesbian,pansexual,straight
Baseline,0.010638297872340425,0.0,-0.03888888888888889,0.0,0.04310344827586207
