,nonOld,old
Baseline,0.015217391304347827,0.013043478260869565
