,highSES,lowSES
Baseline,0.002357100766057749,-0.002357100766057749
