,highSES,lowSES
Baseline,0.34586247086247085,0.34586247086247085
