,Atheist,Buddhist,Catholic,Christian,Hindu,Jewish,Mormon,Muslim,Orthodox,Protestant,Sikh
Baseline,0.8333333333333334,0.8392857142857143,0.9621212121212122,1.0320512820512822,0.946969696969697,0.6285714285714286,0.9393939393939394,0.7073170731707317,,0.8055555555555556,0.7083333333333334
