,bisexual,gay,lesbian,pansexual,straight
Baseline,0.17553191489361702,0.15,0.15,0.15,0.13793103448275862
