,bisexual,gay,lesbian,pansexual,straight
Baseline,0.6436170212765957,0.7625,0.6166666666666667,0.6928571428571428,0.5517241379310345
