,highSES,lowSES
Baseline,0.5055361305361306,0.532051282051282
