,bisexual,gay,lesbian,pansexual,straight
Baseline,-0.011764705882352941,0.0136986301369863,-0.011976047904191617,0.030303030303030304,-0.02830188679245283
