,Atheist,Buddhist,Catholic,Christian,Hindu,Jewish,Mormon,Muslim,Orthodox,Protestant,Sikh
Baseline,0.020833333333333332,0.05357142857142857,0.007575757575757576,0.019230769230769232,0.015151515151515152,-0.02142857142857143,-0.03787878787878788,-0.006097560975609756,,0.05555555555555555,-0.09722222222222222
