,bisexual,gay,lesbian,pansexual,straight
Baseline,0.026595744680851064,-0.0375,-0.016666666666666666,0.02857142857142857,0.02586206896551724
