,nonOld,old
Baseline,1.3206521739130435,1.3222826086956523
