,Atheist,Buddhist,Catholic,Christian,Hindu,Jewish,Mormon,Muslim,Orthodox,Protestant,Sikh
Baseline,0.0625,0.07142857142857142,0.0,0.0,0.022727272727272728,0.02857142857142857,0.022727272727272728,0.006097560975609756,,0.05555555555555555,-0.05555555555555555
