,nonOld,old
Baseline,0.4206521739130435,0.4206521739130435
