,highSES,lowSES
Baseline,1.226981351981352,1.2712703962703962
