,nonOld,old
Baseline,0.02826086956521739,0.011956521739130435
