,bisexual,gay,lesbian,pansexual,straight
Baseline,0.4946808510638298,0.45416666666666666,0.4388888888888889,0.4642857142857143,0.45689655172413796
