,nonOld,old
Baseline,0.017391304347826087,0.007608695652173913
