,bisexual,gay,lesbian,pansexual,straight
Baseline,-0.010638297872340425,0.058333333333333334,0.0,0.02142857142857143,0.0603448275862069
