,nonOld,old
Baseline,0.007608695652173913,0.020652173913043477
