,Atheist,Buddhist,Catholic,Christian,Hindu,Jewish,Mormon,Muslim,Orthodox,Protestant,Sikh
Baseline,0.3541666666666667,0.2857142857142857,0.3181818181818182,0.3333333333333333,0.3939393939393939,0.32142857142857145,0.3106060606060606,0.2926829268292683,,0.3333333333333333,0.2361111111111111
