,nonOld,old
Baseline,0.8815217391304347,0.8815217391304347
