,bisexual,gay,lesbian,pansexual,straight
Baseline,0.02127659574468085,0.03333333333333333,0.005555555555555556,0.07142857142857142,-0.008620689655172414
