,Atheist,Buddhist,Catholic,Christian,Hindu,Jewish,Mormon,Muslim,Orthodox,Protestant,Sikh
Baseline,-0.0072992700729927005,0.03636363636363636,-0.015503875968992248,0.0,0.03125,-0.008771929824561403,-0.008130081300813009,-0.029411764705882353,,0.03225806451612903,0.015873015873015872
