,bisexual,gay,lesbian,pansexual,straight
Baseline,0.5294117647058824,0.5707762557077626,0.46107784431137727,0.4772727272727273,0.5
