,highSES,lowSES
Baseline,0.3565114908662345,0.3565114908662345
