,highSES,lowSES
Baseline,0.16882734236888627,0.18768414849734827
