,nonOld,old
Baseline,0.017391304347826087,0.020652173913043477
