,nonOld,old
Baseline,0.4133042529989095,0.4133042529989095
