,bisexual,gay,lesbian,pansexual,straight
Baseline,0.32941176470588235,0.3789954337899543,0.32335329341317365,0.3181818181818182,0.3490566037735849
