,bisexual,gay,lesbian,pansexual,straight
Baseline,0.0,0.016666666666666666,-0.005555555555555556,0.02142857142857143,-0.05172413793103448
