,Atheist,Buddhist,Catholic,Christian,Hindu,Jewish,Mormon,Muslim,Orthodox,Protestant,Sikh
Baseline,0.24305555555555555,0.23214285714285715,0.3484848484848485,0.34615384615384615,0.3333333333333333,0.25,0.3712121212121212,0.16463414634146342,,0.2222222222222222,0.20833333333333334
