,bisexual,gay,lesbian,pansexual,straight
Baseline,0.023529411764705882,0.0410958904109589,-0.005988023952095809,0.08333333333333333,-0.009433962264150943
