Persona,BS_a,BS_d,Diff_Bias_d,Diff_Bias_a,Acc_a,Acc_d
Baseline,0.014428616595236378,0.02114803625377637,-0.019767441860465085,0.011337209302325568,0.3177325581395349,0.45465116279069767
