,highSES,lowSES
Baseline,0.3525641025641026,0.3525641025641026
