,Atheist,Buddhist,Catholic,Christian,Hindu,Jewish,Mormon,Muslim,Orthodox,Protestant,Sikh
Baseline,0.3722627737226277,0.2909090909090909,0.32558139534883723,0.35374149659863946,0.40625,0.39473684210526316,0.3333333333333333,0.35294117647058826,,0.3870967741935484,0.2698412698412698
