,highSES,lowSES
Baseline,0.02768065268065268,-0.02768065268065268
