,Atheist,Buddhist,Catholic,Christian,Hindu,Jewish,Mormon,Muslim,Orthodox,Protestant,Sikh
Baseline,0.013888888888888888,-0.017857142857142856,0.030303030303030304,-0.019230769230769232,0.007575757575757576,0.014285714285714285,-0.07575757575757576,0.012195121951219513,,-0.09722222222222222,0.1388888888888889
