,bisexual,gay,lesbian,pansexual,straight
Baseline,0.3191489361702128,0.30416666666666664,0.28888888888888886,0.3142857142857143,0.31896551724137934
