,Atheist,Buddhist,Catholic,Christian,Hindu,Jewish,Mormon,Muslim,Orthodox,Protestant,Sikh
Baseline,-0.020833333333333332,0.10714285714285714,0.06060606060606061,-0.05128205128205128,0.007575757575757576,0.007142857142857143,0.09090909090909091,0.054878048780487805,,-0.027777777777777776,0.041666666666666664
