,nonOld,old
Baseline,0.6173913043478261,0.6217391304347826
