,bisexual,gay,lesbian,pansexual,straight
Baseline,0.22340425531914893,0.2375,0.18888888888888888,0.22142857142857142,0.25862068965517243
