,highSES,lowSES
Baseline,0.019522144522144524,-0.007575757575757576
