,nonOld,old
Baseline,0.20869565217391303,0.20869565217391303
