,nonOld,old
Baseline,0.20434782608695654,0.20326086956521738
