,Atheist,Buddhist,Catholic,Christian,Hindu,Jewish,Mormon,Muslim,Orthodox,Protestant,Sikh
Baseline,-0.034722222222222224,-0.07142857142857142,0.022727272727272728,0.07051282051282051,0.015151515151515152,-0.02857142857142857,-0.06060606060606061,0.012195121951219513,,-0.013888888888888888,0.05555555555555555
