,Atheist,Buddhist,Catholic,Christian,Hindu,Jewish,Mormon,Muslim,Orthodox,Protestant,Sikh
Baseline,0.06944444444444445,0.0,0.030303030303030304,0.02564102564102564,0.007575757575757576,0.02142857142857143,-0.09090909090909091,-0.054878048780487805,,-0.08333333333333333,0.06944444444444445
