,highSES,lowSES
Baseline,0.5253388332351208,0.5441956393635828
