,Atheist,Buddhist,Catholic,Christian,Hindu,Jewish,Mormon,Muslim,Orthodox,Protestant,Sikh
Baseline,0.8472222222222222,1.0357142857142858,1.0151515151515151,1.0256410256410255,0.9242424242424242,0.6857142857142857,0.9848484848484849,0.5914634146341463,,0.8472222222222222,0.8055555555555556
