,Atheist,Buddhist,Catholic,Christian,Hindu,Jewish,Mormon,Muslim,Orthodox,Protestant,Sikh
Baseline,0.6041666666666666,0.4642857142857143,0.5833333333333334,0.44871794871794873,0.5606060606060606,0.42142857142857143,0.4772727272727273,0.39634146341463417,,0.4583333333333333,0.4722222222222222
