,bisexual,gay,lesbian,pansexual,straight
Baseline,-0.047872340425531915,-0.058333333333333334,0.08888888888888889,0.12142857142857143,-0.034482758620689655
