,highSES,lowSES
Baseline,0.16724941724941725,0.18269230769230768
