,bisexual,gay,lesbian,pansexual,straight
Baseline,0.09574468085106383,0.14166666666666666,0.1388888888888889,0.17142857142857143,0.1810344827586207
