,nonOld,old
Baseline,0.4385869565217391,0.4434782608695652
