,llama7b,llama13b,llama70b,gpt-3.5,gpt-4
Age,0.5135869565217391,0.7407608695652174,0.8239130434782609,0.899891304347826,0.9402173913043478
Race,0.4546511627906976,0.6168604651162791,0.751453488372093,0.943779069767442,0.916279069767442
Religion,0.405,0.4833333333333333,0.7616666666666667,0.8416666666666666,0.7933333333333333
SES,0.5303030303030303,0.793997668997669,0.9227855477855478,0.9434149184149184,0.7453379953379954
SexualO,0.3935185185185185,0.4560185185185185,0.7013888888888888,0.8046296296296296,0.7615740740740741
