,llama7b,llama13b,llama70b,gpt-3.5,gpt-4
Age,0.0250979728867215,0.1016624040920716,0.0407162978106354,0.0205575536807744,0.0010195290063182
Race,0.0144286165952363,0.0067184939091915,0.0082066726189646,0.0086750768309841,3.6890567819618043e-07
Religion,0.0685240274599542,0.0497647058823529,0.0237704918032787,0.027743569385404,0.0033744010951403
SES,0.0147632070899397,0.0197116378145516,0.0220480515675358,0.0203884564973474,-1.8680823997477253e-05
SexualO,-0.0256596465746792,-0.0166928721174004,-0.0098379629629629,0.004534313565257,-0.0001266464032421
