,llama7b,llama13b,llama70b,gpt-3.5,gpt-4
Age,0.0129528985507245,0.0246829710144927,0.0141304347826086,0.0157065217391303,0.0029891304347824
Race,0.0537020921934124,0.0374707912793068,0.0415199633761274,0.0153527593321085,0.000970179532749
Religion,0.0649831817911085,0.1036524867409012,0.0407203057782325,0.0216969336219335,0.0059934963410572
SES,0.0183020104895104,0.0077457264957264,0.0085652195027194,0.00884324009324,0.0002913752913752
SexualO,0.0405157099768251,0.0595186213883938,0.03007415947548,0.0333998171633534,0.0021057308225319
