,llama7b,llama13b,llama70b,gpt-3.5,gpt-4
Age,0.0141304347826086,0.0421195652173912,0.0508152173913043,0.019782608695652,0.0024456521739129
Race,0.0512837692154418,0.0301310128968035,0.0324651762377057,0.0152897178215674,0.0
Religion,0.0392148738795079,0.0818005977762074,0.0413623740757886,0.0458111610611609,0.0268949850962045
SES,0.0034965034965034,0.0048076923076922,0.0043706293706293,0.0235139860139859,0.0
SexualO,0.0303048539053674,0.0230665315771698,0.033525399154526,0.042098708497828,0.0
