,nonOld,old
Baseline,0.04373974849644614,0.05850191361399672
