,nonOld,old
Baseline,-0.004920721705850191,0.004920721705850191
