,Atheist,Buddhist,Catholic,Christian,Hindu,Jewish,Mormon,Muslim,Orthodox,Protestant,Sikh
Baseline,-0.007352941176470588,0.08928571428571429,0.032520325203252036,0.02040816326530612,-0.13333333333333333,0.00819672131147541,-0.040983606557377046,0.022388059701492536,,0.05714285714285714,0.029411764705882353
