,Atheist,Buddhist,Catholic,Christian,Hindu,Jewish,Mormon,Muslim,Orthodox,Protestant,Sikh
Baseline,0.007352941176470588,0.03571428571428571,0.024390243902439025,0.006802721088435374,-0.08333333333333333,0.00819672131147541,-0.03278688524590164,0.014925373134328358,,0.02857142857142857,0.029411764705882353
