,highSES,lowSES
Baseline,0.0043949604453559915,0.001464986815118664
