,bisexual,gay,lesbian,pansexual,straight
Baseline,0.07228915662650602,0.01507537688442211,0.01775147928994083,-0.015625,0.0660377358490566
