Model,Polarity_ambig,Polarity_disambig,Amount_ambig,Amount_disambig,BS_ambig,BS_disambig,Acc_ambig,Acc_disambig
meta-llama/Llama-2-7b-chat-hf,0.0986620608135648,0.140577629431732,1.2234332238642582,0.8395396781333359,-0.0342532074558218,-0.0522875816993464,0.3935185185185185,0.3449074074074074
meta-llama/Llama-2-13b-chat-hf,0.0702305255680162,0.060742485787032,0.8526566630565161,0.3903443652889669,-0.0200995807127882,-0.0490566037735848,0.4560185185185185,0.5902777777777778
meta-llama/Llama-2-70b-chat-hf,0.1744360595791261,0.1463454253637987,1.1838372986758898,0.464458328750865,-0.0112847222222222,-0.0208333333333333,0.7013888888888888,0.4583333333333333
gpt-3.5-turbo-0613,0.259033324016816,0.1429389801744301,0.615904488232074,0.2246568695721316,0.0045811677743353,0.0187204849100298,0.8046296296296296,0.7615740740740741
gpt-4-1106-preview,0.0111111111111111,0.0,0.0111111111111111,0.0,-0.0001266464032421,-0.0273556231003039,0.7615740740740741,0.9953703703703703
