Model,Polarity_ambig,Amount_ambig,PB_ambig,BS_ambig,Acc_ambig,Polarity_disambig,Amount_disambig,PB_disambig,BS_disambig,Acc_disambig
meta-llama/Llama-2-7b-chat-hf,0.05046876637669,0.4929795094853788,0.06506210623158523,-0.0342532074558218,0.3935185185185185,0.0192088602038027,0.3397997827728826,0.0236533243456922,-0.0522875816993464,0.3449074074074074
meta-llama/Llama-2-13b-chat-hf,0.0153851215223188,0.3480776531693627,0.04898718978909724,-0.0200995807127882,0.4560185185185185,0.012035239659549,0.1617952029025882,0.03463774700716494,-0.0490566037735848,0.5902777777777778
meta-llama/Llama-2-70b-chat-hf,0.014420134157845,0.4799801732872165,0.058073076430376444,-0.0112847222222222,0.7013888888888888,0.0148833367346518,0.1885825735258224,0.020522007149535358,-0.0208333333333333,0.4583333333333333
gpt-3.5-turbo-0613,0.0416806123280811,0.2390792311544328,0.060309513328442074,0.0045811677743353,0.8046296296296296,0.0268709356377352,0.0859719577136664,0.019998559135459122,0.0187204849100298,0.7615740740740741
gpt-4-1106-preview,0.0043498817966902,0.0043498817966902,0.0016288416075649597,-0.0001266464032421,0.7615740740740741,0.0,0.0,0.00150407597619626,-0.0273556231003039,0.9953703703703703
