Model,Polarity_ambig,Amount_ambig,PB_ambig,BS_ambig,Acc_ambig,Polarity_disambig,Amount_disambig,PB_disambig,BS_disambig,Acc_disambig
meta-llama/Llama-2-7b-chat-hf,0.070201178539403,0.7376661542582306,0.09035306688094648,-0.0342532074558218,0.3935185185185185,0.0326761243450489,0.5077077183995499,0.04360262184952084,-0.0522875816993464,0.3449074074074074
meta-llama/Llama-2-13b-chat-hf,0.0192013415784508,0.5186089857806658,0.0793676414072598,-0.0200995807127882,0.4560185185185185,0.0241837368169554,0.2398640759603816,0.0644270528553301,-0.0490566037735848,0.5902777777777778
meta-llama/Llama-2-70b-chat-hf,0.035811905344187,0.7167476330223945,0.0923468422830124,-0.0112847222222222,0.7013888888888888,0.0339688623501091,0.2814742392759954,0.032134003131126,-0.0208333333333333,0.4583333333333333
gpt-3.5-turbo-0613,0.0884872771314443,0.3622601288008477,0.09325477296812577,0.0045811677743353,0.8046296296296296,0.0421383467510481,0.1309033316280929,0.03342559281247816,0.0187204849100298,0.7615740740740741
gpt-4-1106-preview,0.0065721040189125,0.0065721040189125,0.0022399527186760804,-0.0001266464032421,0.7615740740740741,0.0,0.0,0.00210573082253196,-0.0273556231003039,0.9953703703703703
