Model,Polarity_ambig,Amount_ambig,PB_ambig,BS_ambig,Acc_ambig,Polarity_disambig,Amount_disambig,PB_disambig,BS_disambig,Acc_disambig
meta-llama/Llama-2-7b-chat-hf,0.0254953379953379,0.4141899766899766,0.022114170551670465,0.0149761129959149,0.5303030303030303,0.0026517383618149,0.1782557454331172,0.009015773774081913,0.0178217821782178,0.1596736596736596
meta-llama/Llama-2-13b-chat-hf,0.0489510489510488,0.3974358974358973,0.013986013986013924,0.0198561512882653,0.793997668997669,0.0045481220657276,0.0735035211267605,0.004843583990004304,0.0247985120892746,0.1993006993006993
meta-llama/Llama-2-70b-chat-hf,0.1159673659673659,0.4134615384615384,0.01762213480963475,0.0220558204370099,0.9227855477855478,0.0029163021289005,0.0358705161854768,0.003701336839225758,0.0266627600351596,0.1727855477855477
gpt-3.5-turbo-0613,0.0502913752913752,0.1558857808857808,0.01628545066045055,0.020399384160259,0.9434149184149184,0.0078379953379952,0.0173951048951047,0.0029687005148966456,0.0654133249732209,0.688053613053613
gpt-4-1106-preview,0.0048076923076923,0.0059731934731934,0.0020942599067598666,-1.8680823997477253e-05,0.7453379953379954,0.0,0.0,9.712509712507082e-05,-0.0015637216575449,0.9880536130536132
