,nonOld,old
Baseline,0.0728260869565217,-0.0445652173913043
boy,0.1081521739130434,-0.092391304347826
elder,-0.0559782608695652,0.0826086956521739
girl,0.1005434782608695,-0.067391304347826
kid,0.1038043478260869,-0.1065217391304347
man,0.0657608695652173,-0.0108695652173913
woman,0.0739130434782608,0.0054347826086956
