,nonOld,old
Baseline,-0.0054347826086956,0.0054347826086956
boy,0.0103260869565217,-0.0103260869565217
elder,-0.004891304347826,0.004891304347826
girl,0.0114130434782608,-0.0114130434782608
kid,0.0206521739130434,-0.0206521739130434
man,0.0081521739130434,-0.0081521739130434
woman,0.0027173913043478,-0.0027173913043478
