,nonOld,old
Baseline,0.027116147115121683,0.03043649165983046
