,bisexual,gay,lesbian,pansexual,straight
Baseline,-0.16319444444444442,0.10879629629629628,0.016999421296296294,0.12088477366255142,0.0
