,Atheist,Buddhist,Catholic,Christian,Hindu,Jewish,Mormon,Muslim,Orthodox,Protestant,Sikh
Baseline,0.036222222222222225,0.018735632183908047,0.016979166666666667,-0.04939393939393939,-0.008109452736318409,-0.07409090909090908,-0.02587301587301587,0.036222222222222225,,0.015523809523809523,0.0835897435897436
