,bisexual,gay,lesbian,pansexual,straight
Baseline,-0.10879629629629628,0.08159722222222221,0.0,0.0,0.0
