,nonOld,old
Baseline,0.030707140734871748,0.06082375953253442
