,Atheist,Buddhist,Catholic,Christian,Hindu,Jewish,Mormon,Muslim,Orthodox,Protestant,Sikh
Baseline,0.11591111111111112,0.11241379310344828,0.11885416666666666,0.03528138528138528,0.08109452736318407,0.06174242424242424,0.043121693121693117,0.09961111111111111,,0.09314285714285714,0.0835897435897436
