,nonOld,old
Baseline,-0.0033203445447087775,0.0033203445447087775
