,bisexual,gay,lesbian,pansexual,straight
Baseline,0.01951058201058201,0.022762345679012343,-0.0396505376344086,-0.02410130718954248,0.008907004830917874
