,nonOld,old
Baseline,-0.010038872932554226,0.010038872932554226
