,nonOld,old
Baseline,0.06913043478260865,0.06913043478260865
