,nonOld,old
Baseline,0.0080434782608695,-0.0080434782608695
