,nonOld,old
Baseline,0.023804347826086904,0.01576086956521732
