,nonOld,old
Baseline,0.2880434782608695,0.24336956521739123
