,nonOld,old
Baseline,0.1946739130434782,-0.10956521739130431
