,nonOld,old
Baseline,0.11032608695652169,0.0970652173913043
