,nonOld,old
Baseline,0.8194565217391304,0.7747826086956522
