,highSES,lowSES
Baseline,0.00454545454545452,-0.01113053613053608
