,bisexual,gay,lesbian,pansexual,straight
Baseline,0.06808510638297868,0.08333333333333333,0.09555555555555549,0.06857142857142853,0.1137931034482758
