,highSES,lowSES
Baseline,0.060023310023310024,0.05623543123543123
