,nonOld,old
Baseline,0.026630434782608695,0.017391304347826087
