,highSES,lowSES
Baseline,0.016317016317016316,0.016608391608391608
