,bisexual,gay,lesbian,pansexual,straight
Baseline,-0.005319148936170213,-0.0125,0.022222222222222223,-0.03571428571428571,0.04310344827586207
