,nonOld,old
Baseline,0.18695652173913044,-0.09347826086956522
