,bisexual,gay,lesbian,pansexual,straight
Baseline,0.20212765957446807,0.2375,0.3,0.24285714285714285,0.19827586206896552
