,highSES,lowSES
Baseline,0.2089160839160839,-0.10664335664335664
