,highSES,lowSES
Baseline,0.18414918414918416,-0.08245920745920746
