,highSES,lowSES
Baseline,0.5005827505827506,0.45046620046620045
