,bisexual,gay,lesbian,pansexual,straight
Baseline,0.02127659574468085,0.029166666666666667,0.03888888888888889,-0.014285714285714285,0.06896551724137931
