,Atheist,Buddhist,Catholic,Christian,Hindu,Jewish,Mormon,Muslim,Orthodox,Protestant,Sikh
Baseline,0.027777777777777776,0.05357142857142857,0.06060606060606061,0.07051282051282051,-0.12121212121212122,0.04285714285714286,0.05303030303030303,0.036585365853658534,,0.027777777777777776,0.16666666666666666
