,highSES,lowSES
Baseline,0.18269230769230768,0.1381118881118881
