,bisexual,gay,lesbian,pansexual,straight
Baseline,0.2872340425531915,0.3,0.40555555555555556,0.32857142857142857,0.4482758620689655
