,nonOld,old
Baseline,0.28695652173913044,0.24565217391304348
