,bisexual,gay,lesbian,pansexual,straight
Baseline,0.02127659574468085,0.004166666666666667,0.05,0.014285714285714285,0.08620689655172414
