,highSES,lowSES
Baseline,0.03467365967365967,0.03467365967365967
