,nonOld,old
Baseline,0.03804347826086957,0.029347826086956522
