,bisexual,gay,lesbian,pansexual,straight
Baseline,0.09574468085106383,-0.09166666666666666,0.06111111111111111,0.02857142857142857,0.20689655172413793
