,bisexual,gay,lesbian,pansexual,straight
Baseline,0.09042553191489362,-0.025,0.07222222222222222,0.02142857142857143,0.1206896551724138
