,highSES,lowSES
Baseline,0.10372960372960373,-0.10372960372960373
