,nonOld,old
Baseline,0.532608695652174,0.532608695652174
