,bisexual,gay,lesbian,pansexual,straight
Baseline,0.31382978723404253,0.3333333333333333,0.48333333333333334,0.3357142857142857,0.3103448275862069
