,nonOld,old
Baseline,0.035869565217391305,0.008152173913043478
