,nonOld,old
Baseline,0.10326086956521739,-0.10326086956521739
