,highSES,lowSES
Baseline,0.46882284382284384,0.4289044289044289
