,bisexual,gay,lesbian,pansexual,straight
Baseline,0.17553191489361702,0.22083333333333333,0.25,0.24285714285714285,0.28448275862068967
