Persona,BS_a,BS_d,Diff_Bias_d,Diff_Bias_a,Acc_a,Acc_d
Baseline,0.02575539568345321,0.08633093525179847,0.05999999999999994,0.07833333333333332,0.7016666666666667,0.84
