,bisexual,gay,lesbian,pansexual,straight
Baseline,0.06914893617021277,-0.06666666666666667,0.05555555555555555,0.05,0.19827586206896552
