,Atheist,Buddhist,Catholic,Christian,Hindu,Jewish,Mormon,Muslim,Orthodox,Protestant,Sikh
Baseline,0.2638888888888889,0.2857142857142857,0.4090909090909091,0.23717948717948717,0.42424242424242425,0.1,0.45454545454545453,0.22560975609756098,,0.2916666666666667,0.2638888888888889
