,highSES,lowSES
Baseline,0.020104895104895104,-0.02097902097902098
