,highSES,lowSES
Baseline,0.03175990675990676,0.03175990675990676
