,bisexual,gay,lesbian,pansexual,straight
Baseline,0.11170212765957446,0.08333333333333333,0.12777777777777777,0.10714285714285714,0.1724137931034483
