,bisexual,gay,lesbian,pansexual,straight
Baseline,0.047872340425531915,0.008333333333333333,0.005555555555555556,0.1,0.13793103448275862
