,bisexual,gay,lesbian,pansexual,straight
Baseline,0.02127659574468085,0.016666666666666666,0.05555555555555555,0.02142857142857143,0.07758620689655173
