,bisexual,gay,lesbian,pansexual,straight
Baseline,0.11170212765957446,0.07916666666666666,0.15555555555555556,0.08571428571428572,0.16379310344827586
