,bisexual,gay,lesbian,pansexual,straight
Baseline,0.14893617021276595,0.20416666666666666,0.2222222222222222,0.24285714285714285,0.23275862068965517
