,nonOld,old
Baseline,0.20326086956521738,-0.11630434782608695
