,Atheist,Buddhist,Catholic,Christian,Hindu,Jewish,Mormon,Muslim,Orthodox,Protestant,Sikh
Baseline,0.034722222222222224,0.10714285714285714,0.12121212121212122,0.11538461538461539,-0.3484848484848485,0.08571428571428572,0.045454545454545456,0.006097560975609756,,0.05555555555555555,0.2916666666666667
