,Atheist,Buddhist,Catholic,Christian,Hindu,Jewish,Mormon,Muslim,Orthodox,Protestant,Sikh
Baseline,0.10416666666666667,0.14285714285714285,0.25,0.08974358974358974,0.24242424242424243,0.04285714285714286,0.32575757575757575,0.07317073170731707,,0.05555555555555555,0.125
