,bisexual,gay,lesbian,pansexual,straight
Baseline,0.02127659574468085,0.0125,0.03888888888888889,0.0,0.04310344827586207
