,highSES,lowSES
Baseline,0.3208041958041958,0.3208041958041958
