,bisexual,gay,lesbian,pansexual,straight
Baseline,0.047872340425531915,-0.0875,0.016666666666666666,-0.014285714285714285,0.09482758620689655
