,bisexual,gay,lesbian,pansexual,straight
Baseline,0.05851063829787234,0.0625,0.08333333333333333,0.05,0.10344827586206896
