,Atheist,Buddhist,Catholic,Christian,Hindu,Jewish,Mormon,Muslim,Orthodox,Protestant,Sikh
Baseline,0.14583333333333334,0.10714285714285714,0.09848484848484848,0.11538461538461539,0.19696969696969696,0.15,0.17424242424242425,0.06097560975609756,,0.1527777777777778,0.1388888888888889
