,nonOld,old
Baseline,0.06684782608695652,0.06684782608695652
