,highSES,lowSES
Baseline,0.018065268065268064,0.013694638694638694
