,nonOld,old
Baseline,0.2842391304347826,0.2483695652173913
