,highSES,lowSES
Baseline,0.017773892773892772,0.018065268065268064
