,highSES,lowSES
Baseline,0.10110722610722611,-0.10110722610722611
