,nonOld,old
Baseline,0.6217391304347826,0.6141304347826086
