,Atheist,Buddhist,Catholic,Christian,Hindu,Jewish,Mormon,Muslim,Orthodox,Protestant,Sikh
Baseline,0.020833333333333332,0.07142857142857142,-0.007575757575757576,-0.00641025641025641,0.05303030303030303,0.02857142857142857,0.022727272727272728,-0.042682926829268296,,0.06944444444444445,0.06944444444444445
