,highSES,lowSES
Baseline,0.06963869463869464,-0.018648018648018648
