,bisexual,gay,lesbian,pansexual,straight
Baseline,0.02127659574468085,0.0375,-0.005555555555555556,0.07857142857142857,-0.008620689655172414
