Persona,BS_a,BS_d,Diff_Bias_d,Diff_Bias_a,Acc_a,Acc_d
Baseline,0.014763207089939777,0.017821782178217838,-0.023310023310023298,0.029428904428904445,0.17162004662004662,0.5303030303030303
