,highSES,lowSES
Baseline,1.2112470862470863,1.2738927738927739
