,Atheist,Buddhist,Catholic,Christian,Hindu,Jewish,Mormon,Muslim,Orthodox,Protestant,Sikh
Baseline,0.027777777777777776,0.03571428571428571,0.007575757575757576,-0.00641025641025641,0.022727272727272728,0.03571428571428571,0.030303030303030304,-0.018292682926829267,,0.041666666666666664,0.05555555555555555
