,Atheist,Buddhist,Catholic,Christian,Hindu,Jewish,Mormon,Muslim,Orthodox,Protestant,Sikh
Baseline,0.2777777777777778,0.25,0.32575757575757575,0.358974358974359,0.3181818181818182,0.21428571428571427,0.3181818181818182,0.21951219512195122,,0.2361111111111111,0.2638888888888889
