,bisexual,gay,lesbian,pansexual,straight
Baseline,0.18085106382978725,0.175,0.12777777777777777,0.15,0.13793103448275862
